claim_id,study_id,stat_test,bf_family,design,bf_sidedness,bf_direction,observed_sign,direction_matches_observed,prior_label,rscale,t_for_bf,df_for_bf,r_value,n1,n2,n_total,p_value,bf10,bf_error,log_bf10,log10_bf10,prior_family,model_null,model_alt,method
study_05_claim_01,study_05,independent_t_test,t_test,independent,two_sided,NA,positive,NA,narrow,0.5,3.2631700654818907,154,NA,23,133,156,0.00135718173128889,22.42292120039402,6.300889524774822e-9,NA,NA,NA,NA,NA,NA
study_05_claim_01,study_05,independent_t_test,t_test,independent,two_sided,NA,positive,NA,primary,0.707,3.2631700654818907,154,NA,23,133,156,0.00135718173128889,22.708801964218733,1.6282528500332075e-9,NA,NA,NA,NA,NA,NA
study_05_claim_01,study_05,independent_t_test,t_test,independent,two_sided,NA,positive,NA,wide,1,3.2631700654818907,154,NA,23,133,156,0.00135718173128889,20.96433268778564,1.379373253581078e-9,NA,NA,NA,NA,NA,NA
study_05_claim_02,study_05,independent_t_test,t_test,independent,two_sided,NA,positive,NA,narrow,0.5,16.0557429910438,154,NA,23,133,156,1.039549491399382e-34,8701994605653753e15,2.8905021458217135e-38,NA,NA,NA,NA,NA,NA
study_05_claim_02,study_05,independent_t_test,t_test,independent,two_sided,NA,positive,NA,primary,0.707,16.0557429910438,154,NA,23,133,156,1.039549491399382e-34,1206894793090218e16,2.0062558741080806e-38,NA,NA,NA,NA,NA,NA
study_05_claim_02,study_05,independent_t_test,t_test,independent,two_sided,NA,positive,NA,wide,1,16.0557429910438,154,NA,23,133,156,1.039549491399382e-34,16441307503291403e15,1.3750008864534927e-38,NA,NA,NA,NA,NA,NA
study_14_claim_01,study_14,pearson_correlation,correlation,correlation,two_sided,NA,positive,NA,narrow,0.5,3.876999222244787,56,0.4600143435956783,NA,NA,58,2.801095267522945e-4,122.16288514338773,0,NA,NA,NA,NA,NA,NA
study_14_claim_01,study_14,pearson_correlation,correlation,correlation,two_sided,NA,positive,NA,primary,1,3.876999222244787,56,0.4600143435956783,NA,NA,58,2.801095267522945e-4,102.21132923929086,0,NA,NA,NA,NA,NA,NA
study_14_claim_01,study_14,pearson_correlation,correlation,correlation,two_sided,NA,positive,NA,wide,1.5,3.876999222244787,56,0.4600143435956783,NA,NA,58,2.801095267522945e-4,85.48720202599745,0,NA,NA,NA,NA,NA,NA
study_14_claim_02,study_14,pearson_correlation,correlation,correlation,two_sided,NA,positive,NA,narrow,0.5,4.661225131634766,228,0.29496284411487556,NA,NA,230,5.3489935621111325e-6,3314.355285155814,0,NA,NA,NA,NA,NA,NA
study_14_claim_02,study_14,pearson_correlation,correlation,correlation,two_sided,NA,positive,NA,primary,1,4.661225131634766,228,0.29496284411487556,NA,NA,230,5.3489935621111325e-6,2423.402829176364,0,NA,NA,NA,NA,NA,NA
study_14_claim_02,study_14,pearson_correlation,correlation,correlation,two_sided,NA,positive,NA,wide,1.5,4.661225131634766,228,0.29496284411487556,NA,NA,230,5.3489935621111325e-6,1932.6705877815295,0,NA,NA,NA,NA,NA,NA
study_21_claim_01,study_21,paired_t_test,t_test,one_sample,two_sided,NA,negative,NA,narrow,0.5,-4.266812841710795,193,NA,NA,NA,194,3.104418290506897e-5,522.4449990439882,4.1747511794497694e-11,NA,NA,NA,NA,NA,NA
study_21_claim_01,study_21,paired_t_test,t_test,one_sample,two_sided,NA,negative,NA,primary,0.707,-4.266812841710795,193,NA,NA,NA,194,3.104418290506897e-5,426.19429162904305,5.0635111053899826e-11,NA,NA,NA,NA,NA,NA
study_21_claim_01,study_21,paired_t_test,t_test,one_sample,two_sided,NA,negative,NA,wide,1,-4.266812841710795,193,NA,NA,NA,194,3.104418290506897e-5,327.31704594908524,6.480228906956821e-11,NA,NA,NA,NA,NA,NA
study_22_claim_01,study_22,repeated_measures_anova,t_test,one_sample,two_sided,NA,positive,NA,narrow,0.5,7.12450845249377,23,NA,NA,NA,24,2.950955104342273e-7,44171.89996318873,8.293768510025835e-11,NA,NA,NA,NA,NA,NA
study_22_claim_01,study_22,repeated_measures_anova,t_test,one_sample,two_sided,NA,positive,NA,primary,0.707,7.12450845249377,23,NA,NA,NA,24,2.950955104342273e-7,55202.842076426954,3.921586001179511e-9,NA,NA,NA,NA,NA,NA
study_22_claim_01,study_22,repeated_measures_anova,t_test,one_sample,two_sided,NA,positive,NA,wide,1,7.12450845249377,23,NA,NA,NA,24,2.950955104342273e-7,63855.76893801112,1.1088241894027404e-11,NA,NA,NA,NA,NA,NA
study_27_claim_02,study_27,paired_t_test,t_test,one_sample,two_sided,NA,positive,NA,narrow,0.5,9.02724207476679,38,NA,NA,NA,39,5.4185907142138495e-11,144405387.12747845,1.5411566602734343e-14,NA,NA,NA,NA,NA,NA
study_27_claim_02,study_27,paired_t_test,t_test,one_sample,two_sided,NA,positive,NA,primary,0.707,9.02724207476679,38,NA,NA,NA,39,5.4185907142138495e-11,182078984.24179977,6.109890215324758e-13,NA,NA,NA,NA,NA,NA
study_27_claim_02,study_27,paired_t_test,t_test,one_sample,two_sided,NA,positive,NA,wide,1,9.02724207476679,38,NA,NA,NA,39,5.4185907142138495e-11,212512959.8245956,4.33614401171552e-15,NA,NA,NA,NA,NA,NA
study_30_claim_01,study_30,paired_t_test,t_test,one_sample,two_sided,NA,negative,NA,narrow,0.5,-1.2120366987318494,36,NA,NA,NA,37,0.23339342533095808,0.4521858415461433,1.5641525942287443e-4,NA,NA,NA,NA,NA,NA
study_30_claim_01,study_30,paired_t_test,t_test,one_sample,two_sided,NA,negative,NA,primary,0.707,-1.2120366987318494,36,NA,NA,NA,37,0.23339342533095808,0.3476388386024592,3.7385785864424247e-4,NA,NA,NA,NA,NA,NA
study_30_claim_01,study_30,paired_t_test,t_test,one_sample,two_sided,NA,negative,NA,wide,1,-1.2120366987318494,36,NA,NA,NA,37,0.23339342533095808,0.25864254685167487,7.128996393948858e-4,NA,NA,NA,NA,NA,NA
study_33_claim_01,study_33,one_sample_t_test,t_test,one_sample,two_sided,NA,positive,NA,narrow,0.5,4.270978296055972,11,NA,NA,NA,12,0.0013185060147071,27.51851961621932,8.943583657216405e-8,NA,NA,NA,NA,NA,NA
study_33_claim_01,study_33,one_sample_t_test,t_test,one_sample,two_sided,NA,positive,NA,primary,0.707,4.270978296055972,11,NA,NA,NA,12,0.0013185060147071,31.720482926146587,2.642997471504908e-9,NA,NA,NA,NA,NA,NA
study_33_claim_01,study_33,one_sample_t_test,t_test,one_sample,two_sided,NA,positive,NA,wide,1,4.270978296055972,11,NA,NA,NA,12,0.0013185060147071,33.79484487587499,7.321789132953771e-10,NA,NA,NA,NA,NA,NA
study_33_claim_02,study_33,one_sample_t_test,t_test,one_sample,two_sided,NA,positive,NA,narrow,0.5,16.030800890199103,11,NA,NA,NA,12,5.650748853873423e-9,1236506.1093075487,3.219653485845768e-12,NA,NA,NA,NA,NA,NA
study_33_claim_02,study_33,one_sample_t_test,t_test,one_sample,two_sided,NA,positive,NA,primary,0.707,16.030800890199103,11,NA,NA,NA,12,5.650748853873423e-9,1720221.213951452,1.4673308614903662e-11,NA,NA,NA,NA,NA,NA
study_33_claim_02,study_33,one_sample_t_test,t_test,one_sample,two_sided,NA,positive,NA,wide,1,16.030800890199103,11,NA,NA,NA,12,5.650748853873423e-9,2358308.45502912,1.2276944191088978e-11,NA,NA,NA,NA,NA,NA
study_41_claim_01,study_41,paired_t_test,t_test,one_sample,two_sided,NA,positive,NA,narrow,0.5,8.532340234397516,29,NA,NA,NA,30,2.1220678220813164e-9,4381290.713453433,1.232107493015413e-12,NA,NA,NA,NA,NA,NA
study_41_claim_01,study_41,paired_t_test,t_test,one_sample,two_sided,NA,positive,NA,primary,0.707,8.532340234397516,29,NA,NA,NA,30,2.1220678220813164e-9,5580440.54895773,6.107584430953643e-13,NA,NA,NA,NA,NA,NA
study_41_claim_01,study_41,paired_t_test,t_test,one_sample,two_sided,NA,positive,NA,wide,1,8.532340234397516,29,NA,NA,NA,30,2.1220678220813164e-9,6615939.056658093,2.907835841643394e-13,NA,NA,NA,NA,NA,NA
study_41_claim_02,study_41,paired_t_test,t_test,one_sample,two_sided,NA,positive,NA,narrow,0.5,6.151246852292457,28,NA,NA,NA,29,1.219425388797962e-6,12442.575377229865,3.340947496058584e-11,NA,NA,NA,NA,NA,NA
study_41_claim_02,study_41,paired_t_test,t_test,one_sample,two_sided,NA,positive,NA,primary,0.707,6.151246852292457,28,NA,NA,NA,29,1.219425388797962e-6,14725.20209602652,1.2334417534761286e-11,NA,NA,NA,NA,NA,NA
study_41_claim_02,study_41,paired_t_test,t_test,one_sample,two_sided,NA,positive,NA,wide,1,6.151246852292457,28,NA,NA,NA,29,1.219425388797962e-6,15876.026067036477,5.262011402961018e-12,NA,NA,NA,NA,NA,NA
study_47_claim_01,study_47,independent_t_test,t_test,independent,two_sided,NA,positive,NA,narrow,0.5,2.232189658058012,119,NA,63,58,121,0.02747386297158548,2.100609977426856,6.53951166649381e-5,NA,NA,NA,NA,NA,NA
study_47_claim_01,study_47,independent_t_test,t_test,independent,two_sided,NA,positive,NA,primary,0.707,2.232189658058012,119,NA,63,58,121,0.02747386297158548,1.7962424316465486,1.0430921303726508e-4,NA,NA,NA,NA,NA,NA
study_47_claim_01,study_47,independent_t_test,t_test,independent,two_sided,NA,positive,NA,wide,1,2.232189658058012,119,NA,63,58,121,0.02747386297158548,1.4402641964930054,1.4569155310416288e-4,NA,NA,NA,NA,NA,NA
study_49_claim_01,study_49,paired_t_test,t_test,one_sample,one_sided,positive,positive,TRUE,narrow,0.5,1.2048289933537484,27,NA,NA,NA,28,0.11936204599031028,0.8505900194736716,8.05554537433144e-5,NA,NA,NA,NA,NA,NA
study_49_claim_01,study_49,paired_t_test,t_test,one_sample,one_sided,positive,positive,TRUE,primary,0.707,1.2048289933537484,27,NA,NA,NA,28,0.11936204599031028,0.671997614246467,1.4970070135941776e-4,NA,NA,NA,NA,NA,NA
study_49_claim_01,study_49,paired_t_test,t_test,one_sample,one_sided,positive,positive,TRUE,wide,1,1.2048289933537484,27,NA,NA,NA,28,0.11936204599031028,0.5094284901454541,7.317593125126013e-7,NA,NA,NA,NA,NA,NA
study_49_claim_02,study_49,paired_t_test,t_test,one_sample,one_sided,positive,positive,TRUE,narrow,0.5,0.4748365300745268,27,NA,NA,NA,28,0.3193609686229255,0.3962437609262851,4.751885377818949e-8,NA,NA,NA,NA,NA,NA
study_49_claim_02,study_49,paired_t_test,t_test,one_sample,one_sided,positive,positive,TRUE,primary,0.707,0.4748365300745268,27,NA,NA,NA,28,0.3193609686229255,0.2998461179304834,7.538342031840296e-8,NA,NA,NA,NA,NA,NA
study_49_claim_02,study_49,paired_t_test,t_test,one_sample,one_sided,positive,positive,TRUE,wide,1,0.4748365300745268,27,NA,NA,NA,28,0.3193609686229255,0.2208031872482167,7.03778122627067e-8,NA,NA,NA,NA,NA,NA
study_51_claim_01,study_51,independent_t_test,t_test,independent,two_sided,NA,positive,NA,narrow,0.5,2.7850391786323447,100,NA,54,48,102,0.00640275145451495,6.621396794880843,5.589769811516402e-9,NA,NA,NA,NA,NA,NA
study_51_claim_01,study_51,independent_t_test,t_test,independent,two_sided,NA,positive,NA,primary,0.707,2.7850391786323447,100,NA,54,48,102,0.00640275145451495,6.1391261151198835,5.999709839585369e-9,NA,NA,NA,NA,NA,NA
study_51_claim_01,study_51,independent_t_test,t_test,independent,two_sided,NA,positive,NA,wide,1,2.7850391786323447,100,NA,54,48,102,0.00640275145451495,5.2454457354345845,5.3363848251848235e-5,NA,NA,NA,NA,NA,NA
study_51_claim_02,study_51,independent_t_test,t_test,independent,two_sided,NA,negative,NA,narrow,0.5,-0.9468752593737334,100,NA,54,48,102,0.3459848212862602,0.4050476514386639,6.857464349463457e-5,NA,NA,NA,NA,NA,NA
study_51_claim_02,study_51,independent_t_test,t_test,independent,two_sided,NA,negative,NA,primary,0.707,-0.9468752593737334,100,NA,54,48,102,0.3459848212862602,0.31189945440928973,2.235950196364296e-4,NA,NA,NA,NA,NA,NA
study_51_claim_02,study_51,independent_t_test,t_test,independent,two_sided,NA,negative,NA,wide,1,-0.9468752593737334,100,NA,54,48,102,0.3459848212862602,0.232589261484386,5.322350621888257e-4,NA,NA,NA,NA,NA,NA
study_53_claim_01,study_53,independent_t_test,t_test,independent,two_sided,NA,positive,NA,narrow,0.5,3.289601859790326,246,NA,126,122,248,0.00115012656411969,24.766626634662313,1.3317362792561655e-9,NA,NA,NA,NA,NA,NA
study_53_claim_01,study_53,independent_t_test,t_test,independent,two_sided,NA,positive,NA,primary,0.707,3.289601859790326,246,NA,126,122,248,0.00115012656411969,21.612970835096405,1.246871395739392e-5,NA,NA,NA,NA,NA,NA
study_53_claim_01,study_53,independent_t_test,t_test,independent,two_sided,NA,positive,NA,wide,1,3.289601859790326,246,NA,126,122,248,0.00115012656411969,17.466411603063165,1.4519473834558352e-5,NA,NA,NA,NA,NA,NA
study_53_claim_02,study_53,independent_t_test,t_test,independent,two_sided,NA,positive,NA,narrow,0.5,2.792941037337401,246,NA,126,122,248,0.00563382702166837,6.420247631822599,3.853436974526452e-5,NA,NA,NA,NA,NA,NA
study_53_claim_02,study_53,independent_t_test,t_test,independent,two_sided,NA,positive,NA,primary,0.707,2.792941037337401,246,NA,126,122,248,0.00563382702166837,5.373185840217522,4.256059522050955e-5,NA,NA,NA,NA,NA,NA
study_53_claim_02,study_53,independent_t_test,t_test,independent,two_sided,NA,positive,NA,wide,1,2.792941037337401,246,NA,126,122,248,0.00563382702166837,4.217273109596863,5.483267357674577e-5,NA,NA,NA,NA,NA,NA
study_06_claim_01,study_06,factorial_between_anova,gaussian_regression_simple_effect,wave2,two_sided,NA,NA,NA,narrow,0.3535533905932738,NA,NA,NA,14,12,26,2.471727607865699e-4,119.80535744925804,7.1559043912560275e-6,4.785868404625165,2.078476239243828,regression_mixture_g,outcome ~ course_other + condition_social_course_other,outcome ~ condition_social + course_other + condition_social_course_other,full_factorial_gaussian_simple_effect
study_06_claim_01,study_06,factorial_between_anova,gaussian_regression_simple_effect,wave2,two_sided,NA,NA,NA,primary,0.5,NA,NA,NA,14,12,26,2.471727607865699e-4,141.8623415721923,2.853915794143692e-6,4.954857161856467,2.151867124013071,regression_mixture_g,outcome ~ course_other + condition_social_course_other,outcome ~ condition_social + course_other + condition_social_course_other,full_factorial_gaussian_simple_effect
study_06_claim_01,study_06,factorial_between_anova,gaussian_regression_simple_effect,wave2,two_sided,NA,NA,NA,wide,0.7071067811865476,NA,NA,NA,14,12,26,2.471727607865699e-4,161.18087939384216,4.498923098109297e-6,5.082527208855189,2.2073135209289445,regression_mixture_g,outcome ~ course_other + condition_social_course_other,outcome ~ condition_social + course_other + condition_social_course_other,full_factorial_gaussian_simple_effect
study_10_claim_01,study_10,factorial_between_anova,anova_cauchy,wave2,two_sided,NA,NA,NA,narrow,0.25,NA,NA,NA,NA,NA,1049,9.929653960744502e-42,31990093196766288e22,0.18420168824865427,88.66107470804623,38.50501550531643,anova_cauchy,outcome ~ B,outcome ~ A + B,bayesfactor_model_comparison
study_10_claim_01,study_10,factorial_between_anova,anova_cauchy,wave2,two_sided,NA,NA,NA,primary,0.5,NA,NA,NA,NA,NA,1049,9.929653960744502e-42,35067872047730304e22,0.01398252156385488,88.75293382580912,38.544909413273366,anova_cauchy,outcome ~ B,outcome ~ A + B,bayesfactor_model_comparison
study_10_claim_01,study_10,factorial_between_anova,anova_cauchy,wave2,two_sided,NA,NA,NA,wide,0.707,NA,NA,NA,NA,NA,1049,9.929653960744502e-42,32104205716470565e22,0.01214798234177015,88.66463548153808,38.50656192959526,anova_cauchy,outcome ~ B,outcome ~ A + B,bayesfactor_model_comparison
study_10_claim_02,study_10,factorial_between_anova,anova_cauchy,wave2,two_sided,NA,NA,NA,narrow,0.25,NA,NA,NA,NA,NA,1049,1.532958092634304e-11,398099673.9047637,0.01453111419086861,19.802212968841257,8.599991821840767,anova_cauchy,outcome ~ B,outcome ~ A + B,bayesfactor_model_comparison
study_10_claim_02,study_10,factorial_between_anova,anova_cauchy,wave2,two_sided,NA,NA,NA,primary,0.5,NA,NA,NA,NA,NA,1049,1.532958092634304e-11,317617017.26260436,0.1276772987468002,19.576356866703502,8.501903762978165,anova_cauchy,outcome ~ B,outcome ~ A + B,bayesfactor_model_comparison
study_10_claim_02,study_10,factorial_between_anova,anova_cauchy,wave2,two_sided,NA,NA,NA,wide,0.707,NA,NA,NA,NA,NA,1049,1.532958092634304e-11,185517114.6299841,0.01519975172490574,19.03865769791212,8.268383981048101,anova_cauchy,outcome ~ B,outcome ~ A + B,bayesfactor_model_comparison
study_13_claim_01,study_13,welch_independent_t_test,welch_averaged,wave2,two_sided,NA,NA,NA,narrow,0.5,NA,NA,NA,195,303,498,3.2360126016710324e-39,3536637523512822e19,NA,79.55106958543283,34.54859055045509,welch_averaged,delta = 0; equal- and unequal-variance normal models averaged,"delta ~ Cauchy(0, 0.5); equal- and unequal-variance normal models averaged",RoBTT_variance_model_averaged
study_13_claim_01,study_13,welch_independent_t_test,welch_averaged,wave2,two_sided,NA,NA,NA,primary,0.707,NA,NA,NA,195,303,498,3.2360126016710324e-39,4408597956984226e19,NA,79.77144987712154,34.644300495055724,welch_averaged,delta = 0; equal- and unequal-variance normal models averaged,"delta ~ Cauchy(0, 0.707); equal- and unequal-variance normal models averaged",RoBTT_variance_model_averaged
study_13_claim_01,study_13,welch_independent_t_test,welch_averaged,wave2,two_sided,NA,NA,NA,wide,1,NA,NA,NA,195,303,498,3.2360126016710324e-39,5040134700793142e19,NA,79.90532596987153,34.702442143395814,welch_averaged,delta = 0; equal- and unequal-variance normal models averaged,"delta ~ Cauchy(0, 1); equal- and unequal-variance normal models averaged",RoBTT_variance_model_averaged
study_13_claim_02,study_13,welch_independent_t_test,welch_averaged,wave2,two_sided,NA,NA,NA,narrow,0.5,NA,NA,NA,195,303,498,1.0387197857941702e-20,107355828571949490,NA,39.21492521279602,17.030825628166014,welch_averaged,delta = 0; equal- and unequal-variance normal models averaged,"delta ~ Cauchy(0, 0.5); equal- and unequal-variance normal models averaged",RoBTT_variance_model_averaged
study_13_claim_02,study_13,welch_independent_t_test,welch_averaged,wave2,two_sided,NA,NA,NA,primary,0.707,NA,NA,NA,195,303,498,1.0387197857941702e-20,120549385095065280,NA,39.33083589869587,17.08116499944594,welch_averaged,delta = 0; equal- and unequal-variance normal models averaged,"delta ~ Cauchy(0, 0.707); equal- and unequal-variance normal models averaged",RoBTT_variance_model_averaged
study_13_claim_02,study_13,welch_independent_t_test,welch_averaged,wave2,two_sided,NA,NA,NA,wide,1,NA,NA,NA,195,303,498,1.0387197857941702e-20,120827668362464740,NA,39.333141696920755,17.082166394891388,welch_averaged,delta = 0; equal- and unequal-variance normal models averaged,"delta ~ Cauchy(0, 1); equal- and unequal-variance normal models averaged",RoBTT_variance_model_averaged
study_29_claim_02,study_29,factorial_between_anova,anova_cauchy,wave2,two_sided,NA,NA,NA,narrow,0.25,NA,NA,NA,220,213,433,1.8812884935687636e-4,118.2756712166165,0.0114854437078448,4.773018096551766,2.0728954213567943,anova_cauchy,outcome ~ B + A:B,outcome ~ A + B + A:B,bayesfactor_model_comparison
study_29_claim_02,study_29,factorial_between_anova,anova_cauchy,wave2,two_sided,NA,NA,NA,primary,0.5,NA,NA,NA,220,213,433,1.8812884935687636e-4,80.81598483628318,0.09394923677136156,4.392174778093072,1.9074972696804604,anova_cauchy,outcome ~ B + A:B,outcome ~ A + B + A:B,bayesfactor_model_comparison
study_29_claim_02,study_29,factorial_between_anova,anova_cauchy,wave2,two_sided,NA,NA,NA,wide,0.707,NA,NA,NA,220,213,433,1.8812884935687636e-4,70.51335346376996,0.04906943123798219,4.255802102715872,1.8482713692817592,anova_cauchy,outcome ~ B + A:B,outcome ~ A + B + A:B,bayesfactor_model_comparison
study_35_claim_01,study_35,mixed_anova,anova_cauchy,wave2,two_sided,NA,NA,NA,narrow,0.25,NA,NA,NA,NA,NA,60,0.01696583698840235,9.994039355469122,0.01734070821571174,2.3019888508239177,0.9997410553156352,anova_cauchy,score ~ Sex + Sex:condition + participant,score ~ Sex + condition + Sex:condition + participant,bayesfactor_model_comparison
study_35_claim_01,study_35,mixed_anova,anova_cauchy,wave2,two_sided,NA,NA,NA,primary,0.5,NA,NA,NA,NA,NA,60,0.01696583698840235,5.351858266468821,0.02925638273820437,1.6774438401263887,0.7285046034694911,anova_cauchy,score ~ Sex + Sex:condition + participant,score ~ Sex + condition + Sex:condition + participant,bayesfactor_model_comparison
study_35_claim_01,study_35,mixed_anova,anova_cauchy,wave2,two_sided,NA,NA,NA,wide,0.707,NA,NA,NA,NA,NA,60,0.01696583698840235,3.41311382522819,0.02688800452027281,1.22762501986016,0.5331507719716373,anova_cauchy,score ~ Sex + Sex:condition + participant,score ~ Sex + condition + Sex:condition + participant,bayesfactor_model_comparison
study_37_claim_01,study_37,mixed_effects_logistic_regression,full_bayesian_glmm,wave2,two_sided,NA,NA,NA,narrow,0.3,NA,NA,NA,NA,NA,563,5.085537391876573e-4,6.613334580827651,NA,1.8890880018218128,0.8204204950208533,glmm_full,full Bayesian GLMM without HUMAN_family1,full Bayesian GLMM with HUMAN_family1,full_bayesian_glmm_bridge_sampling
study_37_claim_01,study_37,mixed_effects_logistic_regression,full_bayesian_glmm,wave2,two_sided,NA,NA,NA,primary,0.6,NA,NA,NA,NA,NA,563,5.085537391876573e-4,25.13625455688474,NA,3.224311208645497,1.4003005658535437,glmm_full,full Bayesian GLMM without HUMAN_family1,full Bayesian GLMM with HUMAN_family1,full_bayesian_glmm_bridge_sampling
study_37_claim_01,study_37,mixed_effects_logistic_regression,full_bayesian_glmm,wave2,two_sided,NA,NA,NA,wide,1,NA,NA,NA,NA,NA,563,5.085537391876573e-4,36.07399651211967,NA,3.5855722875611833,1.5571942589530414,glmm_full,full Bayesian GLMM without HUMAN_family1,full Bayesian GLMM with HUMAN_family1,full_bayesian_glmm_bridge_sampling
study_37_claim_02,study_37,mixed_effects_logistic_regression,full_bayesian_glmm,wave2,two_sided,NA,NA,NA,narrow,0.3,NA,NA,NA,NA,NA,563,0.00680125755823099,1.5951596169814553,NA,0.4669738045724102,0.20280414651916528,glmm_full,full Bayesian GLMM without synchronous11,full Bayesian GLMM with synchronous11,full_bayesian_glmm_bridge_sampling
study_37_claim_02,study_37,mixed_effects_logistic_regression,full_bayesian_glmm,wave2,two_sided,NA,NA,NA,primary,0.6,NA,NA,NA,NA,NA,563,0.00680125755823099,2.909047795253798,NA,1.067825809510026,0.4637508567040772,glmm_full,full Bayesian GLMM without synchronous11,full Bayesian GLMM with synchronous11,full_bayesian_glmm_bridge_sampling
study_37_claim_02,study_37,mixed_effects_logistic_regression,full_bayesian_glmm,wave2,two_sided,NA,NA,NA,wide,1,NA,NA,NA,NA,NA,563,0.00680125755823099,3.668835447049747,NA,1.2998742948306472,0.5645282334128306,glmm_full,full Bayesian GLMM without synchronous11,full Bayesian GLMM with synchronous11,full_bayesian_glmm_bridge_sampling
study_43_claim_01,study_43,mixed_anova,gaussian_adjusted_contrast,wave2,two_sided,NA,NA,NA,narrow,0.3,NA,NA,NA,NA,NA,67,0.02426068009909113,3.416208956684877,9.073354085518524e-4,1.228531444045234,0.5335444269934786,normal_focal_bridge,outcome_z ~ 0 + nuisance_1 + nuisance_2,outcome_z ~ 0 + focal + nuisance_1 + nuisance_2,adjusted_contrast_gaussian_bridge_sampling
study_43_claim_01,study_43,mixed_anova,gaussian_adjusted_contrast,wave2,two_sided,NA,NA,NA,primary,0.6,NA,NA,NA,NA,NA,67,0.02426068009909113,2.344409066070725,0.00115135381241155,0.8520333727303552,0.37003339217420983,normal_focal_bridge,outcome_z ~ 0 + nuisance_1 + nuisance_2,outcome_z ~ 0 + focal + nuisance_1 + nuisance_2,adjusted_contrast_gaussian_bridge_sampling
study_43_claim_01,study_43,mixed_anova,gaussian_adjusted_contrast,wave2,two_sided,NA,NA,NA,wide,1,NA,NA,NA,NA,NA,67,0.02426068009909113,1.5174328097788692,7.067914788634419e-4,0.4170199660545393,0.18110947010096776,normal_focal_bridge,outcome_z ~ 0 + nuisance_1 + nuisance_2,outcome_z ~ 0 + focal + nuisance_1 + nuisance_2,adjusted_contrast_gaussian_bridge_sampling
study_43_claim_02,study_43,mixed_anova,gaussian_adjusted_contrast,wave2,two_sided,NA,NA,NA,narrow,0.3,NA,NA,NA,NA,NA,67,4.6622630546360285e-5,513.9239827984386,5.942985042832041e-4,6.242075361129608,2.710898884962836,normal_focal_bridge,outcome_z ~ 0 + nuisance_1 + nuisance_2,outcome_z ~ 0 + focal + nuisance_1 + nuisance_2,adjusted_contrast_gaussian_bridge_sampling
study_43_claim_02,study_43,mixed_anova,gaussian_adjusted_contrast,wave2,two_sided,NA,NA,NA,primary,0.6,NA,NA,NA,NA,NA,67,4.6622630546360285e-5,666.6400937771348,4.4386391446281343e-4,6.5022503107452705,2.8238914299103755,normal_focal_bridge,outcome_z ~ 0 + nuisance_1 + nuisance_2,outcome_z ~ 0 + focal + nuisance_1 + nuisance_2,adjusted_contrast_gaussian_bridge_sampling
study_43_claim_02,study_43,mixed_anova,gaussian_adjusted_contrast,wave2,two_sided,NA,NA,NA,wide,1,NA,NA,NA,NA,NA,67,4.6622630546360285e-5,503.3020907245419,6.805530381508572e-4,6.221190567806156,2.7018287344667713,normal_focal_bridge,outcome_z ~ 0 + nuisance_1 + nuisance_2,outcome_z ~ 0 + focal + nuisance_1 + nuisance_2,adjusted_contrast_gaussian_bridge_sampling
study_47_claim_02,study_47,mixed_anova,anova_cauchy,wave2,two_sided,NA,NA,NA,narrow,0.25,NA,NA,NA,63,58,121,0.0569589309954774,1.233724942434771,0.07895907376642432,0.21003800147603605,0.0912183450310295,anova_cauchy,score ~ Condition + format + participant,score ~ Condition + format + Condition:format + participant,bayesfactor_model_comparison
study_47_claim_02,study_47,mixed_anova,anova_cauchy,wave2,two_sided,NA,NA,NA,primary,0.5,NA,NA,NA,63,58,121,0.0569589309954774,0.6519291276156612,0.02486111934978355,-0.4278194229397343,-0.18579961463376007,anova_cauchy,score ~ Condition + format + participant,score ~ Condition + format + Condition:format + participant,bayesfactor_model_comparison
study_47_claim_02,study_47,mixed_anova,anova_cauchy,wave2,two_sided,NA,NA,NA,wide,0.707,NA,NA,NA,63,58,121,0.0569589309954774,0.41782451859906566,0.0326242700005747,-0.8726937465670517,-0.3790060785255454,anova_cauchy,score ~ Condition + format + participant,score ~ Condition + format + Condition:format + participant,bayesfactor_model_comparison
study_55_claim_01,study_55,welch_anova,heteroscedastic_gaussian_anova,wave2,two_sided,NA,NA,NA,narrow,0.25,NA,NA,NA,NA,NA,154,1.0526584661919701e-14,55332303694.90773,7.295776091412344e-4,24.73662272853836,10.74297875192677,welch_anova_normal,outcome_z ~ 0 + intercept; sigma ~ 0 + condition,outcome_z ~ 0 + intercept + contrast_1 + contrast_2 + contrast_3; sigma ~ 0 + condition,heteroscedastic_gaussian_anova_bridge_sampling
study_55_claim_01,study_55,welch_anova,heteroscedastic_gaussian_anova,wave2,two_sided,NA,NA,NA,primary,0.5,NA,NA,NA,NA,NA,154,1.0526584661919701e-14,2344991582274.5273,6.987536567087645e-4,28.48330292817196,12.370141288083817,welch_anova_normal,outcome_z ~ 0 + intercept; sigma ~ 0 + condition,outcome_z ~ 0 + intercept + contrast_1 + contrast_2 + contrast_3; sigma ~ 0 + condition,heteroscedastic_gaussian_anova_bridge_sampling
study_55_claim_01,study_55,welch_anova,heteroscedastic_gaussian_anova,wave2,two_sided,NA,NA,NA,wide,0.7071067811865476,NA,NA,NA,NA,NA,154,1.0526584661919701e-14,2559355305730.7456,5.557758751226855e-4,28.57077650900566,12.40813058155221,welch_anova_normal,outcome_z ~ 0 + intercept; sigma ~ 0 + condition,outcome_z ~ 0 + intercept + contrast_1 + contrast_2 + contrast_3; sigma ~ 0 + condition,heteroscedastic_gaussian_anova_bridge_sampling
study_60_claim_01,study_60,factorial_between_anova,anova_cauchy,wave2,two_sided,NA,NA,NA,narrow,0.25,NA,NA,NA,163,163,326,0.02364995293670567,2.170021225980694,0.0522454460375814,0.7747369490624525,0.33646398190438376,anova_cauchy,outcome ~ B + A:B,outcome ~ A + B + A:B,bayesfactor_model_comparison
study_60_claim_01,study_60,factorial_between_anova,anova_cauchy,wave2,two_sided,NA,NA,NA,primary,0.5,NA,NA,NA,163,163,326,0.02364995293670567,1.4900143953281555,0.03365562098987689,0.3987857812047619,0.17319046423870557,anova_cauchy,outcome ~ B + A:B,outcome ~ A + B + A:B,bayesfactor_model_comparison
study_60_claim_01,study_60,factorial_between_anova,anova_cauchy,wave2,two_sided,NA,NA,NA,wide,0.707,NA,NA,NA,163,163,326,0.02364995293670567,1.1721687580530018,0.02126637169282494,0.15885567230183822,0.06899014189971958,anova_cauchy,outcome ~ B + A:B,outcome ~ A + B + A:B,bayesfactor_model_comparison
study_60_claim_02,study_60,factorial_between_anova,anova_cauchy,wave2,two_sided,NA,NA,NA,narrow,0.25,NA,NA,NA,163,163,326,2.2266005311121752e-10,32548054.810952906,0.03187004043456481,17.29822816480098,7.51252503867648,anova_cauchy,outcome ~ B + A:B,outcome ~ A + B + A:B,bayesfactor_model_comparison
study_60_claim_02,study_60,factorial_between_anova,anova_cauchy,wave2,two_sided,NA,NA,NA,primary,0.5,NA,NA,NA,163,163,326,2.2266005311121752e-10,38804389.05113642,0.03136825151751564,17.47404391807058,7.588880850153131,anova_cauchy,outcome ~ B + A:B,outcome ~ A + B + A:B,bayesfactor_model_comparison
study_60_claim_02,study_60,factorial_between_anova,anova_cauchy,wave2,two_sided,NA,NA,NA,wide,0.707,NA,NA,NA,163,163,326,2.2266005311121752e-10,39825300.27152911,0.04850896126159665,17.500012953506705,7.600159058943389,anova_cauchy,outcome ~ B + A:B,outcome ~ A + B + A:B,bayesfactor_model_comparison
study_03_claim_01,study_03,manova,generalized_fractional,wave3,two_sided,NA,NA,NA,primary,NA,NA,NA,NA,NA,NA,170,0.09731048243233506,0.01726754963642155,NA,-4.058926282447782,-1.7627692869191516,fractional,joint interaction coefficients = 0,at least one interaction coefficient != 0,BFpack_generalized_fractional
study_03_claim_02,study_03,manova,generalized_fractional,wave3,two_sided,NA,NA,NA,primary,NA,NA,NA,NA,NA,NA,170,0.5076886452135867,0.00239366433032174,NA,-6.034929894575288,-2.620936751887021,fractional,joint syllabus coefficients = 0,at least one syllabus coefficient != 0,BFpack_generalized_fractional
study_18_claim_01,study_18,manova,generalized_fractional,wave3,two_sided,NA,NA,NA,primary,NA,NA,NA,NA,NA,NA,296,5.348010931422366e-77,695585684825528e79,NA,216.07999766511975,93.84235063562905,fractional,all subject-group coefficients = 0,at least one subject-group coefficient != 0,BFpack_generalized_fractional
