claim_id,study_id,stat_test,p_value,p_band,frequentist_result,bf10,bf_conclusion,bf_strength,favoured_side,concordance_cell,concordance_status,negative_log10_p,log10_bf10,n_prior_specifications,minimum_bf10,maximum_bf10,prior_sensitivity_span,bf_conclusion_changed,favoured_side_changed
study_03_claim_01,study_03,manova,0.09731048243233506,p >= .05,Nonsignificant,0.01726754963642155,H0,Very strong support for H0,H0,Nonsignificant + H0,Concordant,1.0118403743533113,-1.7627692869191516,1,0.01726754963642155,0.01726754963642155,0,FALSE,FALSE
study_03_claim_02,study_03,manova,0.5076886452135867,p >= .05,Nonsignificant,0.00239366433032174,H0,Decisive/extreme support for H0,H0,Nonsignificant + H0,Concordant,0.2944025497650388,-2.620936751887022,1,0.00239366433032174,0.00239366433032174,0,FALSE,FALSE
study_05_claim_01,study_05,independent_t_test,0.00135718173128889,.001 <= p < .01,Significant,22.708801964218733,H1,Strong support for H1,H1,Significant + H1,Concordant,2.8673619949257008,1.3561942229888553,3,20.96433268778564,22.708801964218733,0.03471317998524737,FALSE,FALSE
study_05_claim_02,study_05,independent_t_test,1.039549491399382e-34,p < .001,Significant,1206894793090218e16,H1,Decisive/extreme support for H1,H1,Significant + H1,Concordant,33.98315482972838,31.081669413616996,3,8701994605653753e15,16441307503291403e15,0.27631754232701056,FALSE,FALSE
study_06_claim_01,study_06,factorial_between_anova,2.471727607865699e-4,p < .001,Significant,141.8623415721923,H1,Decisive/extreme support for H1,H1,Significant + H1,Concordant,3.606999391560175,2.151867124013071,3,119.80535744925804,161.18087939384216,0.12883728168511643,FALSE,FALSE
study_10_claim_01,study_10,factorial_between_anova,9.9296539607445e-42,p < .001,Significant,35067872047730304e22,H1,Decisive/extreme support for H1,H1,Significant + H1,Concordant,41.00306588600188,38.544909413273366,3,31990093196766288e22,35067872047730304e22,0.03989390795692316,FALSE,FALSE
study_10_claim_02,study_10,factorial_between_anova,1.532958092634304e-11,p < .001,Significant,317617017.26260436,H1,Decisive/extreme support for H1,H1,Significant + H1,Concordant,10.814469717543828,8.501903762978165,3,185517114.6299841,398099673.9047637,0.3316078407926657,FALSE,FALSE
study_13_claim_01,study_13,welch_independent_t_test,3.2360126016710324e-39,p < .001,Significant,4408597956984226e19,H1,Decisive/extreme support for H1,H1,Significant + H1,Concordant,38.489989795828144,34.644300495055724,3,3536637523512822e19,5040134700793142e19,0.15385159294072537,FALSE,FALSE
study_13_claim_02,study_13,welch_independent_t_test,1.0387197857941702e-20,p < .001,Significant,120549385095065280,H1,Decisive/extreme support for H1,H1,Significant + H1,Concordant,19.983501595750514,17.08116499944594,3,107355828571949490,120827668362464740,0.051340766725374465,FALSE,FALSE
study_14_claim_01,study_14,pearson_correlation,2.801095267522945e-4,p < .001,Significant,102.21132923929086,H1,Decisive/extreme support for H1,H1,Significant + H1,Concordant,3.5526721202175144,2.0094990362430765,3,85.48720202599745,122.16288514338773,0.15503817801451936,FALSE,FALSE
study_14_claim_02,study_14,pearson_correlation,5.3489935621111325e-6,p < .001,Significant,2423.402829176364,H1,Decisive/extreme support for H1,H1,Significant + H1,Concordant,5.271727924808534,3.3844256105664923,3,1932.6705877815295,3314.355285155814,0.23424122372578715,FALSE,FALSE
study_18_claim_01,study_18,manova,5.3480109314223654e-77,p < .001,Significant,695585684825528e79,H1,Decisive/extreme support for H1,H1,Significant + H1,Concordant,76.27180771370408,93.84235063562905,1,695585684825528e79,695585684825528e79,0,FALSE,FALSE
study_21_claim_01,study_21,paired_t_test,3.104418290506897e-5,p < .001,Significant,426.19429162904305,H1,Decisive/extreme support for H1,H1,Significant + H1,Concordant,4.508019766466725,2.629607628553665,3,327.31704594908524,522.4449990439882,0.20307195337882256,FALSE,FALSE
study_22_claim_01,study_22,repeated_measures_anova,2.950955104342273e-7,p < .001,Significant,55202.842076426954,H1,Decisive/extreme support for H1,H1,Significant + H1,Concordant,6.530037397780532,4.741961437626579,3,44171.89996318873,63855.76893801112,0.16005405900724679,FALSE,FALSE
study_27_claim_02,study_27,paired_t_test,5.4185907142138495e-11,p < .001,Significant,182078984.24179977,H1,Decisive/extreme support for H1,H1,Significant + H1,Concordant,10.266113651584279,8.260259821937012,3,144405387.12747845,212512959.8245956,0.16780202492861207,FALSE,FALSE
study_29_claim_02,study_29,factorial_between_anova,1.8812884935687636e-4,p < .001,Significant,80.81598483628318,H1,Very strong support for H1,H1,Significant + H1,Concordant,3.725544600750602,1.9074972696804606,3,70.51335346376996,118.2756712166165,0.22462405207503489,FALSE,FALSE
study_30_claim_01,study_30,paired_t_test,0.23339342533095808,p >= .05,Nonsignificant,0.3476388386024592,Inconclusive,Weak/anecdotal support for H0,H0,Nonsignificant + inconclusive,Inconclusive,0.6319113821496984,-0.4588717096443267,3,0.25864254685167487,0.4521858415461433,0.24261699184739488,TRUE,FALSE
study_33_claim_01,study_33,one_sample_t_test,0.0013185060147071,.001 <= p < .01,Significant,31.720482926146587,H1,Very strong support for H1,H1,Significant + H1,Concordant,2.879917884719128,1.5013397905801216,3,27.51851961621932,33.79484487587499,0.08922539037265587,FALSE,FALSE
study_33_claim_02,study_33,one_sample_t_test,5.650748853873423e-9,p < .001,Significant,1720221.213951452,H1,Decisive/extreme support for H1,H1,Significant + H1,Concordant,8.247893994383347,6.235584299129016,3,1236506.1093075487,2358308.45502912,0.28040434157760785,FALSE,FALSE
study_35_claim_01,study_35,mixed_anova,0.01696583698840235,.01 <= p < .05,Significant,5.351858266468821,H1,Substantial/moderate support for H1,H1,Significant + H1,Concordant,1.7704247101138817,0.7285046034694912,3,3.41311382522819,9.994039355469122,0.466590283343998,FALSE,FALSE
study_37_claim_01,study_37,mixed_effects_logistic_regression,5.085537391876573e-4,p < .001,Significant,25.13625455688474,H1,Strong support for H1,H1,Significant + H1,Concordant,3.2936631481502547,1.400300565853544,3,6.613334580827651,36.07399651211967,0.7367737639321883,FALSE,FALSE
study_37_claim_02,study_37,mixed_effects_logistic_regression,0.00680125755823099,.001 <= p < .01,Significant,2.909047795253798,Inconclusive,Weak/anecdotal support for H1,H1,Significant + inconclusive,Inconclusive,2.1674107784547303,0.4637508567040773,3,1.5951596169814553,3.668835447049747,0.3617240868936654,TRUE,FALSE
study_41_claim_01,study_41,paired_t_test,2.1220678220813164e-9,p < .001,Significant,5580440.54895773,H1,Decisive/extreme support for H1,H1,Significant + H1,Concordant,8.673240739998784,6.746668485752801,3,4381290.713453433,6615939.056658093,0.17898942497700787,FALSE,FALSE
study_41_claim_02,study_41,paired_t_test,1.219425388797962e-6,p < .001,Significant,14725.20209602652,H1,Decisive/extreme support for H1,H1,Significant + H1,Concordant,5.913844767080154,4.168061263974375,3,12442.575377229865,15876.026067036477,0.1058315229252198,FALSE,FALSE
study_43_claim_01,study_43,mixed_anova,0.02426068009909113,.01 <= p < .05,Significant,2.344409066070725,Inconclusive,Weak/anecdotal support for H1,H1,Significant + inconclusive,Inconclusive,1.6150970287315056,0.3700333921742099,3,1.5174328097788692,3.416208956684877,0.3524349568925109,TRUE,FALSE
study_43_claim_02,study_43,mixed_anova,4.6622630546360285e-5,p < .001,Significant,666.6400937771348,H1,Decisive/extreme support for H1,H1,Significant + H1,Concordant,4.331403226320829,2.8238914299103755,3,503.3020907245419,666.6400937771348,0.12206269544360371,FALSE,FALSE
study_47_claim_01,study_47,independent_t_test,0.02747386297158548,.01 <= p < .05,Significant,1.7962424316465486,Inconclusive,Weak/anecdotal support for H1,H1,Significant + inconclusive,Inconclusive,1.5610802721668675,0.25436495127390873,3,1.4402641964930054,2.100609977426856,0.16390325925236,FALSE,FALSE
study_47_claim_02,study_47,mixed_anova,0.0569589309954774,p >= .05,Nonsignificant,0.6519291276156612,Inconclusive,Weak/anecdotal support for H0,H0,Nonsignificant + inconclusive,Inconclusive,1.244438170128256,-0.1857996146337601,3,0.41782451859906566,1.233724942434771,0.470224423556575,FALSE,TRUE
study_49_claim_01,study_49,paired_t_test,0.11936204599031028,p >= .05,Nonsignificant,0.671997614246467,Inconclusive,Weak/anecdotal support for H0,H0,Nonsignificant + inconclusive,Inconclusive,0.9231337455459515,-0.17263226879354648,3,0.5094284901454541,0.8505900194736716,0.2226370530179132,FALSE,FALSE
study_49_claim_02,study_49,paired_t_test,0.3193609686229255,p >= .05,Nonsignificant,0.2998461179304834,H0,Substantial/moderate support for H0,H0,Nonsignificant + H0,Concordant,0.4957181631740554,-0.5231015695451725,3,0.2208031872482167,0.3962437609262851,0.25395709902342556,TRUE,FALSE
study_51_claim_01,study_51,independent_t_test,0.00640275145451495,.001 <= p < .01,Significant,6.1391261151198835,H1,Substantial/moderate support for H1,H1,Significant + H1,Concordant,2.193633356527809,0.7881065551164219,3,5.2454457354345845,6.621396794880843,0.10116721568536702,FALSE,FALSE
study_51_claim_02,study_51,independent_t_test,0.3459848212862602,p >= .05,Nonsignificant,0.31189945440928973,H0,Substantial/moderate support for H0,H0,Nonsignificant + H0,Concordant,0.4609429537396428,-0.5059853849326353,3,0.232589261484386,0.4050476514386639,0.24091645865105799,TRUE,FALSE
study_53_claim_01,study_53,independent_t_test,0.00115012656411969,.001 <= p < .01,Significant,21.612970835096405,H1,Strong support for H1,H1,Significant + H1,Concordant,2.9392543656686994,1.3347144674205305,3,17.466411603063165,24.766626634662313,0.15166316679300262,FALSE,FALSE
study_53_claim_02,study_53,independent_t_test,0.00563382702166837,.001 <= p < .01,Significant,5.373185840217522,H1,Substantial/moderate support for H1,H1,Significant + H1,Concordant,2.249196491515702,0.7302318615970278,3,4.217273109596863,6.420247631822599,0.18252005259206283,FALSE,FALSE
study_55_claim_01,study_55,welch_anova,1.05265846619197e-14,p < .001,Significant,2344991582274.5273,H1,Decisive/extreme support for H1,H1,Significant + H1,Concordant,13.977712512297655,12.370141288083817,3,55332303694.90773,2559355305730.7456,1.6651518296254402,FALSE,FALSE
study_60_claim_01,study_60,factorial_between_anova,0.02364995293670567,.01 <= p < .05,Significant,1.4900143953281555,Inconclusive,Weak/anecdotal support for H1,H1,Significant + inconclusive,Inconclusive,1.6261697191692717,0.1731904642387056,3,1.1721687580530018,2.170021225980694,0.26747384000466423,FALSE,FALSE
study_60_claim_02,study_60,factorial_between_anova,2.2266005311121752e-10,p < .001,Significant,38804389.05113642,H1,Decisive/extreme support for H1,H1,Significant + H1,Concordant,9.652357691675073,7.5888808501531315,3,32548054.810952906,39825300.27152911,0.08763402026690947,FALSE,FALSE
