study_id,claim_id,source,n_seeds,central,lower,upper,dispersion_log10,mcmc_rhat,converged,bridge_span_log10,wave,evidence_category,distance_to_threshold,minimum_distance_to_threshold,category_stable,magnitude_reliable,verdict,stability_interpretation
study_37,study_37_claim_02,bridge_sampling,NA,0.4637508567040772,0.4565551198328245,0.47094659357532986,0.003597868435626332,NA,TRUE,0.009330916146547463,Wave 2,Inconclusive,0.013370398015585261,0.006174661144332572,TRUE,TRUE,Borderline,Category stable but the spread reaches near a threshold
study_43,study_43_claim_01,bridge_sampling,NA,0.37008394519729554,0.3688771372571948,0.3712907531373963,6.034039700503753e-4,NA,TRUE,0.0015579571347710264,Wave 2,Inconclusive,0.1070373095223669,0.10583050158226615,TRUE,TRUE,Stable,Category and magnitude stable
study_39,study_39_claim_02,reseed_gibbs,20,0.5854918489942532,0.5031739429554539,0.693066434030057,0.04253023118926997,1.0011331149043066,TRUE,NA,Wave 3,H1,0.10837059427459078,0.026052688235791488,TRUE,TRUE,Borderline,Category stable but the spread reaches near a threshold
study_35,study_35_claim_01,montecarlo_bayesfactor,NA,0.7377419525695113,0.7047793904629749,0.7707045146760476,0.016481281053268158,NA,TRUE,NA,Wave 2,H1,0.2606206978498488,0.22765813574331245,TRUE,TRUE,Stable,Category and magnitude stable
study_20,study_20_claim_01,analytic,NA,0.20660595502903045,0.20660595502903045,0.20660595502903045,0,NA,TRUE,NA,Wave 3,Inconclusive,0.270515299690632,0.270515299690632,TRUE,TRUE,Analytic (exact),Closed-form Bayes factor; no Monte Carlo error
study_40,study_40_claim_01,mcmc_convergence,NA,0.18655189797341384,0.18655189797341384,0.18655189797341384,NA,1.00041655440969,TRUE,NA,Wave 3,Inconclusive,0.2905693567462486,0.2905693567462486,TRUE,NA,Stable,Category and magnitude stable
study_47,study_47_claim_02,montecarlo_bayesfactor,NA,-0.16351771165074327,-0.21207118151765383,-0.11496424178383272,0.024276734933455283,NA,TRUE,NA,Wave 2,Inconclusive,0.31360354306891913,0.2650500732020086,TRUE,TRUE,Stable,Category and magnitude stable
study_60,study_60_claim_01,montecarlo_bayesfactor,NA,0.10567878602807554,0.060423269937131,0.1509343021190201,0.02262775804547227,NA,TRUE,NA,Wave 2,Inconclusive,0.3714424686915869,0.32618695260064234,TRUE,TRUE,Stable,Category and magnitude stable
study_20,study_20_claim_02,analytic,NA,-0.956984806515284,-0.956984806515284,-0.956984806515284,0,NA,TRUE,NA,Wave 3,H0,0.4798635517956215,0.4798635517956215,TRUE,TRUE,Analytic (exact),Closed-form Bayes factor; no Monte Carlo error
study_39,study_39_claim_01,reseed_gibbs,20,1.2638469230760363,1.1807175540924095,1.3384839848363708,0.03396121435613503,1.0003307989366443,TRUE,NA,Wave 3,H1,0.7867256683563739,0.7035962993727471,TRUE,TRUE,Stable,Category and magnitude stable
study_37,study_37_claim_01,bridge_sampling,NA,1.4003005658535437,1.3927211332627185,1.4078799984443688,0.0037897162954126113,NA,TRUE,0.009047653199632633,Wave 2,H1,0.9231793111338813,0.9155998785430561,TRUE,TRUE,Stable,Category and magnitude stable
study_03,study_03_claim_01,analytic,NA,-1.7627692869191516,-1.7627692869191516,-1.7627692869191516,0,NA,TRUE,NA,Wave 3,H0,1.2856480321994892,1.2856480321994892,TRUE,TRUE,Analytic (exact),Closed-form Bayes factor; no Monte Carlo error
study_29,study_29_claim_02,montecarlo_bayesfactor,NA,1.9624954225668076,1.919529223203289,2.0054616219303263,0.02148309968175931,NA,TRUE,NA,Wave 2,H1,1.4853741678471453,1.4424079684836266,TRUE,TRUE,Stable,Category and magnitude stable
study_06,study_06_claim_01,montecarlo_bayesfactor,NA,2.151867124013071,2.1518646451333088,2.1518696028928335,1.2394398812131422e-6,NA,TRUE,NA,Wave 2,H1,1.6747458692934087,1.6747433904136464,TRUE,TRUE,Stable,Category and magnitude stable
study_03,study_03_claim_02,analytic,NA,-2.620936751887021,-2.620936751887021,-2.620936751887021,0,NA,TRUE,NA,Wave 3,H0,2.1438154971673584,2.1438154971673584,TRUE,TRUE,Analytic (exact),Closed-form Bayes factor; no Monte Carlo error
study_43,study_43_claim_02,bridge_sampling,NA,2.8230752640484065,2.8220648455185673,2.8240856825782457,5.052092649196954e-4,NA,TRUE,0.0012031163421832858,Wave 2,H1,2.345954009328744,2.3449435907989047,TRUE,TRUE,Stable,Category and magnitude stable
study_44,study_44_claim_02,analytic,NA,-5.504731902346834,-5.504731902346834,-5.504731902346834,0,NA,TRUE,NA,Wave 3,H0,5.027610647627172,5.027610647627172,TRUE,TRUE,Analytic (exact),Closed-form Bayes factor; no Monte Carlo error
study_60,study_60_claim_02,montecarlo_bayesfactor,NA,7.603067634963103,7.559647624025887,7.646487645900319,0.021710005468607883,NA,TRUE,NA,Wave 2,H1,7.12594638024344,7.082526369306224,TRUE,TRUE,Stable,Category and magnitude stable
study_26,study_26_claim_02,reseed_gibbs,20,7.741543426193894,6.095638839591447,10.098870379695349,1.182789057405436,1.1041076753920303,TRUE,NA,Wave 3,H1,7.264422171474231,5.6185175848717845,TRUE,FALSE,Magnitude unreliable,Category stable; Bayes-factor magnitude not reliably estimated
study_10,study_10_claim_02,montecarlo_bayesfactor,NA,8.476455328607587,8.441542431947765,8.51136822526741,0.01745644832991129,NA,TRUE,NA,Wave 2,H1,7.999334073887924,7.964421177228102,TRUE,TRUE,Stable,Category and magnitude stable
study_44,study_44_claim_01,analytic,NA,9.430096193155578,9.430096193155578,9.430096193155578,0,NA,TRUE,NA,Wave 3,H1,8.952974938435915,8.952974938435915,TRUE,TRUE,Analytic (exact),Closed-form Bayes factor; no Monte Carlo error
study_26,study_26_claim_01,reseed_gibbs,20,9.943660917370698,5.560336561106931,20.3386935192283,3.2734472644142985,1.3233550624556787,TRUE,NA,Wave 3,H1,9.466539662651035,5.0832153063872685,TRUE,FALSE,Magnitude unreliable,Category stable; Bayes-factor magnitude not reliably estimated
study_55,study_55_claim_01,bridge_sampling,NA,12.372122342793103,12.3707889067978,12.373455778788406,6.667179976514643e-4,NA,TRUE,0.0013448983351356247,Wave 2,H1,11.89500108807344,11.893667652078138,TRUE,TRUE,Stable,Category and magnitude stable
study_13,study_13_claim_02,mcmc_convergence,NA,17.081292317112833,17.081292317112833,17.081292317112833,NA,NA,TRUE,NA,Wave 2,H1,16.60417106239317,16.60417106239317,TRUE,NA,Stable,Category and magnitude stable
study_13,study_13_claim_01,mcmc_convergence,NA,34.644359636176524,34.644359636176524,34.644359636176524,NA,NA,TRUE,NA,Wave 2,H1,34.16723838145686,34.16723838145686,TRUE,NA,Stable,Category and magnitude stable
study_10,study_10_claim_01,montecarlo_bayesfactor,NA,38.56830429150927,38.533211040971615,38.60339754204693,0.017546625268827647,NA,TRUE,NA,Wave 2,H1,38.09118303678961,38.05608978625195,TRUE,TRUE,Stable,Category and magnitude stable
study_18,study_18_claim_01,analytic,NA,93.84235063562905,93.84235063562905,93.84235063562905,0,NA,TRUE,NA,Wave 3,H1,93.36522938090938,93.36522938090938,TRUE,TRUE,Analytic (exact),Closed-form Bayes factor; no Monte Carlo error
study_45,study_45_claim_01,reseed_gibbs,8,221.07378566418726,206.58950699510675,245.6880497679688,12.838305612549425,NA,TRUE,NA,Wave 3,H1,220.5966644094676,206.11238574038708,TRUE,FALSE,Magnitude unreliable,Category stable; Bayes-factor magnitude not reliably estimated
