path,bytes,sha256
ali_phase2_filtered.xlsx,22088,0e3ea261c7d2c95c39fd20216acedd8818e34a384e92843f74881ad7ffe6eab6
study_03/Data and Analyses/Snapshot MASTER_noID cleaned 03.11.24.sav,790313,9871e7dca630260b462e805ced1b04192f18084ca7225482a9ac9e1c441ddb21
study_03/Data and Analyses/Snapshots_general perception item analyses.docx,416096,dc56baaea21c1e52aa99627ff8753ab7b91f79935ff12664ef488fd4bd67dbbe
study_03/Data and Analyses/syllabus snapshot analyses 03.11.24.spv,166280,5cc9f389fb78217a72b45ba253acaea990d25160353dafbff32cc3adf72785f5
study_03/Snapshot_MASTER_noID_cleaned_03.11.24.sav,790292,8a92f8c14474ed37dfe535629df46022b88e5c8256ff88c2a12e0dfcdd11dd29
study_03/Syllabus Materials/Instructor snapshot_blinded.pdf,802648,28f4eede04658f6a569fe9d0d7815f3eae933555b868c6bb09bd69e9e2d7dafb
study_03/Syllabus Materials/Syllabus snapshot_blinded.pdf,766028,9af60b0ecf681144b0108a9b0b06fdb32623d45bfb4fc7397ea91d11847111fd
study_03/Syllabus Materials/Syllabus1_blinded.pdf,1327869,59ef52512c2eef3307de90dcdba4afac9d86f335d4b0fe8b024c075d9b59e39a
study_05/Data/HardLovettBrady_Data_Shared.csv,71017,7188abc6e2d84657f59e6ce3ad1be2684f7c54c1a6d5bb035c0cd77700112b03
study_05/Data/HardLovettBrady_Data_Shared.omv,84276,0f43b7fbbd843cc764e7bee9dbcf05103dcc7fc59a0fec2081810930851a2fb7
study_05/HardLovettBrady_Data_Shared.csv,70519,951e970fc511f07e0f9219f4fd42bd0cd7c7491bc2041c31c35950c9492273cc
study_05/Study Materials/FirstYear_EndOfCourseSurvey.pdf,70916,8130e7c26354507c4b6eddb857a31bb3e0410ceea43d96c4d22b9d92fbbdcd19
study_05/Study Materials/SeniorYear_FollowupQuestionnaire.pdf,196193,68edf81af4d5ec8656aa63aebccb83abc3f93aed2a2daf6132211f658479218d
study_06/Social_Annotation_and_SOB_SOC_Data.sav,5862,cd57264df283e4440ea2fc23f4967145540e82198949c600bfb546eeb634e53c
study_10/Anonymized data/master.anonymizedOSF.csv,243376,167b66bef2b412d8f574fe446c49bf0d4b08e12d5df6e6f8ed78a3e2bb6d1130
study_10/Data analysis script/OSF-Clean-Analysis.html,3217122,a27b525a3fa7efdf6bd92afcca9cf9cddc3290dc543b930180bea5ab11a0d2de
study_10/master.anonymizedOSF.csv,243376,167b66bef2b412d8f574fe446c49bf0d4b08e12d5df6e6f8ed78a3e2bb6d1130
study_13/Bias Education for Instructors/GUIDE Bias Education for Instructors.docx,20348,3aef14c9a79274a561c5721a0646fe5ee3550afe6649af2182aa907ea930ce84
study_13/Bias Education for Instructors/MATERIALS Understanding and reducing bias handout.pdf,1253471,75d9e52fb9fd4d150cf3297138778382eafc0b4dbf6bccc29318aa2130ded1df
study_13/Bias Education for Instructors/SLIDES How to build multicultural competence 11-11-22.pptx,820918,b67ac3a65f9cd6482a774520b1ff692931f1be67d9170fc54be7cb012bbc53df
study_13/Bias Education for Instructors/SLIDES What is implicit bias slides 11-11-22.pptx,1994867,2cecc9f1006b20f7216f15408369ad25686c9f7f79b74d0333cb2c226b23ac5c
study_13/DATA_Cleaned_and_coded_for_condition.sav,109396,78374313319371848db3c45996af4d81cb0dbffed48b40a88c913a8e758360c6
study_13/Fall 2021 data collection/Hypothesis Pre-reg 10-7-21.docx,200924,adf51d6f4d360a71653ef7af7681d85a431ca6a9f78c72ed8915886e1219f80a
study_13/README.md,485,25fe5ae5b946a904aa5953cbc49430a82f5a44c7144008f3f46607770ce0446d
study_13/ToP PAPER MATERIALS/DATA Cleaned and coded for condition.sav,109417,3422096a9054e3c7bc144b38c7839626d4643dadf124c102d417bcabed119524
study_13/ToP PAPER MATERIALS/LECTURES Links to online lectures.docx,13106,f2ffef512652aeac161f2e3914c0e2caf59dcdd9b827c7d74256e09528dde18a
study_13/ToP PAPER MATERIALS/MATERIALS Online lecture slides - How to build multicultural competence.pptx,2394410,710888c056ff2c50117da890b3f17e6881e77b0744f53f564f5c212861c360c8
study_13/ToP PAPER MATERIALS/MATERIALS Online lecture slides - What is implicit bias.pptx,1116971,2b70fda73a6e35727971e6147cbc964f138972a2045792aff0f44dcd81677141
study_13/ToP PAPER MATERIALS/MATERIALS Reflection Survey (Dependent Measures).docx,24940,318b57cecfac8a6170bd01037a1061f18a34103927f8e0d6e0c76691f168e90b
study_13/ToP PAPER MATERIALS/MATERIALS Understanding and reducing bias handout.pdf,1253471,75d9e52fb9fd4d150cf3297138778382eafc0b4dbf6bccc29318aa2130ded1df
study_13/ToP PAPER MATERIALS/OUTPUT Exploratory Gender Moderator Analysis.pdf,299328,7cbe24d1fa06b9850bce4026efbcd5a646ebbc19a256a6de9450b4ca75120326
study_13/ToP PAPER MATERIALS/OUTPUT Exploratory Race Moderator Analysis.pdf,301618,fc57c36533053fbf524e3f5310bdeb32de8d23a829d1804767ced5c03e57eca2
study_13/ToP PAPER MATERIALS/Supplemental Materials - Demographic Moderators.docx,15419,7b3da3f0696ce6b600d1e868b3b825dddc6212ed0bfb79d724c71cb47bec8dc1
study_14/Binary teaching items.sps,2358,a1fe97da8e471c4783747dc323dc8917d61cfc33112c8f14d55d2e626e87587f
study_14/Binary variables.sav,59152,52c7f055e022561a5b58b23bb39ba89bce44aed37310fedc9a417fee573206f8
study_14/Email 3-30-17.docx,13630,6eada47da0913ef1529088ae47f5aa00b6a3112bf794801ee7cd1c8c5cf18656
study_14/generating fake data for class purposes syntax.sps,2360,4c7ae98bef3826979850e9a9ada572efa2fe89a99e2243a42946d928ce71787d
study_14/Perceived need for reform and teaching of best research practices 11-3-17.sav,2769650,b38216b9e2af6b2805faf07d81b3a800ba8be93307dabb136da646e2d47eb3a4
study_14/Perceived need for reform and teaching of best research practices syntax revised 4-18-19.sps,29839,f6e5b00289cd84a8700ad23ecbfa7c44e068fae17bcb9ea51424249ec4578f92
study_14/Perceived need for reform and teaching of best research practices syntax revised 5-10-18.sps,28104,2d8e918564aed76ca9b33d29414905ed7fa0d89f00849d49ff7551a764516202
study_14/Perceived need for reform and teaching of best research practices syntax.sps,30057,f77d42b71556d67e290d0096b0df991a38ea070a56515a96fbeb7b97d5a3dc17
study_14/Perceived_need_for_reform_and_teaching_of_best_research_practices.sav,2769629,411e921a5789156cf32feec313200a1a2deb54aefcacb9240c9a247545178ba1
study_14/Qualtrics Survey.pdf,258893,a7e5ab1a7ad759561807542bf59b39ef7cd312899af0c5f5807528d59b1ae5ac
study_14/Repeats for different courses 11-5-2017.sav,20499,f5ade5794b2305ab547e306535a86e4bd33dd08dbd84d3b89a0421cec71abd19
study_14/Supplementary materials - generate data questions.docx,14380,6bb7abc1adb3b00649ee7fd06ea52195ca5af5d05583736b1071c735dda9f676
study_14/Syntax comparing level of discussion across course levels.sps,223,5e20cd0de713f439777bcdcf1a6e24f8e9662b38ef21d79c56d9c44f17c4a9ce
study_18/Data/Complete Data_OSF.xlsx,205685,50b448d434986a3232119ac082805469c4bd5c923bc261493be9fe32b91b84eb
study_18/Materials/Psychological_Literacy_Survey.pdf,264305,000041e432361a9fc62008756123aeb8dad605b2afbf61e76e15e634118bda9d
study_18/Psychological_literacy_subject_study_finaldataset.sav,110826,6a3a485599407c3fcabcfe989461cd5456e8cabe559c36c0cc0721d83a3c3a49
study_20/PA_sj-csv-2-plj-10.1177_14757257221098860.csv,28654,8ba1ee27afb78857c359529357099e38ad76f8e6334c1f734ae918fe276c2164
study_21/APSFinalReport.pdf,284119,af1df2f3de5002ee0e32a4124a954edd78e68e8ed81fc1893237f2974a1a98b0
study_21/BestPracticesLectureScript.docx,38557,4dace73f955d9f021b155af3304fbe1c5870eff81225a846a416d1637c603705
study_21/BestPracticesLectureSlides.pptx,2583292,de348f57e19c1668d4830c40cfa6edb273db7d6847d404e9a252b61881050819
study_21/Lecture Evaluation Surveys and Data/BestPracticesExamQuestions.docx,17056,8cf93f36eb984d5149449d72095fbbf3529de91da61f5a8314c5eaec36ec4921
study_21/Lecture Evaluation Surveys and Data/BestPracticesLectureEffectivenessFall2016.docx,30946,1f66e796a2ae6ca1117872e29c210f025c2b349c307bd7623be036cc72ae966c
study_21/Lecture Evaluation Surveys and Data/BestPracticesMethodsResults.docx,91465,5c7c601bc24efa274e4a24b19542bcedd6b6e08c5a1f1eaedde4155f3c10c130
study_21/Lecture Evaluation Surveys and Data/Qualtrics Files/Time1Flag.qsf,37946,7a482fbd60c34f2a2c6c5a12ee36dd6e9735bd166aa4ba4b67f29a7bda4ae782
study_21/Lecture Evaluation Surveys and Data/Qualtrics Files/Time1Warmth.qsf,44713,bcc1ce9cf7f0e9e8b67edff00c2b817cabd7259556aea8d703890ae32ad0b10e
study_21/Lecture Evaluation Surveys and Data/Qualtrics Files/Time2Flag.qsf,76277,80b9504a2b51af5eda14e7c245f1648e92429659e7b929315a47cf0f3eed9d84
study_21/Lecture Evaluation Surveys and Data/Qualtrics Files/Time2Warmth.qsf,70060,cca4a924c057505cdc25805c31e7e9606d0734f5992452dd998ff3260d910537
study_21/Lecture Evaluation Surveys and Data/Spring2016.sav,54848,a36ef1361f52e8ab16ccbe37ce6b14a547d04c15d4f6322e56e027246ac081ae
study_21/Lecture Evaluation Surveys and Data/Word Versions of Questionnaires/Time1Flag.docx,21476,aad61754cf957f95f06102baa12b0820400e2fe30e4ae88f5f576856d8b3079e
study_21/Lecture Evaluation Surveys and Data/Word Versions of Questionnaires/Time1Warmth.docx,21960,8aebdd43b57fa03ed4c546e411acbb0b0713453c79221fa55f9ff6447ce310c8
study_21/Lecture Evaluation Surveys and Data/Word Versions of Questionnaires/Time2Flag.docx,23464,3927bd2dab64166448d1862e279c77e9cf4f184078f729085fb38f51add70e90
study_21/Lecture Evaluation Surveys and Data/Word Versions of Questionnaires/Time2Warmth.docx,23787,ba08ca2911daa952c3124f51fa272aa1ab8c02f3428ff7b7e543e7e3959ea3a8
study_21/Spring2016.sav,54827,26ac8962c66c19de9c8c92a03aff5ea9db7d22c3e765678e913344bf899e258c
study_22/Data and Syntax/Data_CombinedApproach_220523.sav,526305,b84a0c9b4d7d3c3f872210e8c85d24f45be38f655dd55acf70d1ca04d537737a
study_22/Data and Syntax/Data_Pilotstudy_CombinedApproach_220325.sav,452047,4076a38d1a31e217d7642a5ced1510c380be7d844482007da2cf3e77097b96e7
study_22/Data and Syntax/Syntax_CombinedApproach_220523.sps,26705,c89d86af37a763e136b8910fcd7ba7beee635f19d870ae7c37dc2c5144da0f64
study_22/Data and Syntax/Syntax_Pilotstudy_CombinedApproach_220523.sps,11126,f08b8d4602dae82985e328192fec51e503ada1d1fcb505c761920042083ec0de
study_22/Data_CombinedApproach_220523.sav,526305,b84a0c9b4d7d3c3f872210e8c85d24f45be38f655dd55acf70d1ca04d537737a
study_22/license_CC-BY-NC-SA.txt,15652,a009e4a6602cf274519ccb8f757c03dafbdf04c4b99140078a77b963be1624b6
study_22/Metadata and Codebook/Codebook_CombinedApproach_220523.xlsx,31361,6cb3e9d1e8fd0a0575d24633abed3e7a0691d158eecdf1a60f3e50893a16e5a5
study_22/Metadata and Codebook/Metadata_CombinedApproach_220527.txt,3923,14324a9d43e426ff24fcf52f0203dbce93aa6e322757c5dc3691f5b02f0d993e
study_26/Appendices/Appendices B - C (individual pioneer recognition).docx,17882,60e13f6ab28119759d28608d7c752878df788830f222897439754a94d500b193
study_26/Appendices/Appendix A OER Course Materials.docx,18439,ccba423a471684411121bedd605d4aced1e458a18ad4315820fe2f2cd4aa33df
study_26/Data (Fall 2021)/Final Data/Final Data Set (Spring 2022).sav,36736,c5c05370eebc279dffb7b7b03e25ee37a85ace344fc040a017975ed86a39bef7
study_26/Data (Fall 2021)/Raw Data/Pioneer Recognition + DEI Follow Up Questionnaire.xlsx,66038,d5eb76b48a32db02cc27bc7fa8a34e879528cc21b757cadb5187ff32ccf371c7
study_26/Data (Fall 2021)/Raw Data/Pioneer Recognition + DEI Initial Questionnaire.xlsx,55736,68215b82a6ea247d66bcd39afa4e1bd739ad749b9f613d870445bcc844ed9c17
study_26/Final_Data_Set_Spring_2022.sav,36715,dd2791428e72c4e83e0a61410ea7bcba4282dd0b3a3067a90369b6d361ab32d9
study_26/Initial and Follow Up Questionnaires/OERs_and_D__I_in_History_of_Psych_Follow-Up_Questionnaire (1).docx,28675,c0fc306d8d3f36a74a4441bfb5090e00621be43f76102c1b7a1ea9ce3a9185c4
study_26/Initial and Follow Up Questionnaires/OERs_and_D__I_in_History_of_Psych_Initial_Questionnaire.docx,30108,622a0ab132a40ef2fc40c8965927508a25bbd4c953821bc510a99c20e0d1c898
study_27/ClassActivity.qsf,31924,f53ef8c48c6532ee825d814a7d32b287d8db889b87894b366a324bed75f61c05
study_27/ClassExerciseData.sav,18646,6002c43a903209efd2965167f9f08882d3b75f65536cb6a0d6c9dec43ac6de38
study_27/Supplementary Table 1.docx,14406,1954bf94aad646f9b8af6695f04c56d0f849950a250a92098450e6afd1800c73
study_29/Main Study Materials and Data/HLM-Data nested within Condition.docx,36943,a18cccfc686fe94f11c799524e571c9c1cda7c7dd3ef3369e7c827457b5be7d0
study_29/Main Study Materials and Data/Materials-Morling and Lee Faculty Survey .pdf,1731740,59160272f09bdca98e7ce350bc5665aed3da57c911f2f24f55cb7f0c0c24b879
study_29/Main Study Materials and Data/Materials-Morling and Lee Student Survey.pdf,1896857,fb6c37953856904a94ea40550b5f8eee8e415367dbbfed56dc91ae59dcd9a38b
study_29/Main Study Materials and Data/Morling and Lee Faculty Sample Open Data.jasp,49461,d5c249e6a78b055d2f67d8a6b910003d0a307fab07c176e044b67e1fdf9e52b8
study_29/Main Study Materials and Data/Morling and Lee Student Sample Open Data.jasp,45377,65e487c47248c592e8216918d8040a9d7a5598df9173f934563c849292d94945
study_29/Main Study Materials and Data/Split File-Regression by Condition.docx,77909,f054f28f86361bd7e8a8cdb4a4cefa9031d59c457cb2ccd8ec36e3cf187ef129
study_29/Morling and Lee Faculty Sample Open Data.csv,177502,a0b80ff09c9619e9a3097a49ae9e58c0787eb1ffcccb3e2451d872edd1f6ce0e
study_29/Morling and Lee TOP Titles Formatted.pdf,330450,118b6aeabae0999720fa4983956633bcc023ebab960e3b60001892a24c738c5b
study_29/Morling and Lee Undergrads ToP Formatted.pdf,234607,5aeb46a23b186fcc758238cf53daeb46088ec701e86a1d6d60dbcb1f8c46283e
study_29/Morling_and_Lee_Faculty_Sample_Open_Data_extracted.csv,254554,7a891a6028db8a59c36c7b6f79d6260b030d6218beafb8bd7b1e946de6352fdc
study_29/Pilot Study Materials and Data/Materials-Morling and Lee Pilot Study Student and MTurk Survey.pdf,1720198,28f48a813ad36357be319517eff36dc2b7881158a7079f5dc5f873c80934b0de
study_29/Pilot Study Materials and Data/Morling and Lee Pilot Study College MTurk Sample Open Data.sav,979701,0e06d5079d375ca18c4f1c0ba21578df14aac9933033d93833c37713ea525b58
study_29/Pilot Study Materials and Data/Morling and Lee Pilot Study Lay perceptions of six faculty titles.docx,1404340,a3c22b5cce9c92ecc1c7a0aca2c8680a5c78d0ddb156e53a24f8c5ab6341bf88
study_30/Analysis/ANCOVA.jasp,8306,47884bfd77bed7952aaba6c19cc23887957e6587dd560856c49841ce89caf0c1
study_30/Analysis/makeplots.R,2700,8980ab251ed48dc8914b8a9b8ca0889d519171a90ca530d4cff338c1546c6ea9
study_30/Analysis/t test.jasp,36073,b94d2c9ec6d79098d4719854f8588cb159d8701e9f1df15e87b57a35196b704d
study_30/Course materials/Assignment 4/assignment 4 grading rubric.txt,1573,1c07939f3ec2a6bab231bffde1a9b8b158cece6758436284b59c1ac8dbd2496f
study_30/Course materials/Assignment 4/assignment4.pdf,118038,5afe19f79b2fa4dec89629789d36cc736679a2057760426e1b4446a425a34c70
study_30/Course materials/Assignment 4/Files/fluencytaskcategories_abbr.xlsx,8335,dc7a82612571346b29dd65af836284b1ce5523c0025fef0968fe391a806f442d
study_30/Course materials/Assignment 4/Files/questionlist1_abbr.xlsx,8356,d5c1ae7e8ed61d726209c5bbf969cd02eda1c63a1eb2bd12070dc4cdd766943e
study_30/Course materials/Assignment 4/Files/questionlist2_abbr.xlsx,8399,71e9716299cc3974e82214ec6ee8d5142c925280cf75265fc2dd3b966d01c237
study_30/Course materials/Assignment 4/Files/text input code.txt,1620,5ec8f715f5257e78ed59e2b110d8510ef5626677020e16620968b36bbfad8bd8
study_30/Course materials/Lecture slides/01_introduction.pptx,830173,b781443feb8a75a027481300de7e38eafebd8daf53cdfbeefe5935c2ead62d93
study_30/Course materials/Lecture slides/02_replication.pptx,1778105,49a5ab5e7cf64139ebb62e4e130d9c971a9ed6df6e04043dbc2a148f1d0ac82e
study_30/Course materials/Lecture slides/03_studyingbehavior.pptx,52797,a56944e6ac3ac851989e284a44eb323d42c5478fd22ed9751036de74438a2940
study_30/Course materials/Lecture slides/04_studydesign1.pptx,326658,61814b7e975594767834e072d988947c2d7c330aa14ef810d5c036c3a1feb08b
study_30/Course materials/Lecture slides/05_studydesign2.pptx,817798,6824b118209760b61024c5cf5ec5aae9182488a16cfa1a37bf17eb7b29653f88
study_30/Course materials/Lecture slides/07_studydesign3.pptx,595815,547ee7d84b530aa30d3ed8c062681808ed8f0596373414cb20ae68fb199ad259
study_30/Course materials/Lecture slides/09_dataanalysis1.pptx,2535927,c7899ee5574b3bee5d52eac07f98a963f55dcecf55d75906ae5501618e3b35b0
study_30/Course materials/Lecture slides/11_dataanalysis2.pptx,358704,b8daa3cec379a0ed636a77172ad99e5271f38fb8bf4b1d6b0b6aa78810bd4f71
study_30/Course materials/Lecture slides/12_dataanalysis3.pptx,558694,c234fa471391ce74ecccbecc127df750641bef3ab9dbe2bf40a083737577abc3
study_30/Course materials/Lecture slides/14_ethics.pptx,630349,6f2f07bfdbb84d4795b8e32d830493276a8598b6c3dc5688b652d514cb41ad6d
study_30/Course materials/syllabus.pdf,128274,4010df012ed27e79aa7167eba9b4b79e17aee823710c2cb129f6de4f244eb3f1
study_30/Course materials/Thomas and Jacoby worksheet.docx,12844,a2a94a12affcc8e2567bd530d9c68286b571627b72eb9bff191ef2271931d12b
study_30/data_scoresOnly.csv,449,fcc94ec96013cf643b32d1f7dbac0080e17f9ef31d16a68c7fa253403a20065e
study_30/Data/data_full.xlsx,56279,5f96a702789fc99323014b73f9e058faef910ee6e0a1f0301a835173466aea59
study_30/Data/data_scoresAndSurveyResponses.csv,629,9d692a3ce154e628ce43f47b30f645cbfc4eb43b223b43e5386b0f3c93787400
study_30/Data/data_scoresOnly.csv,449,fcc94ec96013cf643b32d1f7dbac0080e17f9ef31d16a68c7fa253403a20065e
study_30/supplement.pdf,60392,8245f643c1f557fcdb4b25cce6e5cb8a09fe291dcdf068bf8f4aaecab73d50ce
study_33/ProcessedDataSPSS.sav,8424,6156e823c642870140f3ab95529c408b546d0e37ef9777fa75348e40a51457fa
study_35/Data/accepted version/Ekunietal_STLP_unmasked.pdf,441453,d0d8733c5bc10fb005574e03a10a2f7132ee9ddd7e88f2578e22b577a1abc9d5
study_35/Data/BD_PIBIC_English_version.xlsx,60796,9b654634efe4608833290b3635914e654de02c46f6453e61e44818716a4ef243
study_35/Files_Translated_English_version/Questions_RereadPhrases.docx,19588,2da6547e6477b9aa7d85042190a1a0b1c87e236bb7211ba6300a5355df446376
study_35/Files_Translated_English_version/Texts_Links.docx,14228,081457f3461dfc6cb07ba3b23f76ae8a7bf1fd08595268f99fbc0a7e032b175a
study_35/Untitled3.sav,55028,fe76fc4c94ad68c722b131ee6238aa5fc24a5d81a4c350cbc403f0da6bcd5260
study_37/Data Files and Code/Analysis.Rmd,44158,5727c6a0c1cbf55d4876b2121b631b8f0f547a1a47351d7d5390f4a7855af947
study_37/Data Files and Code/full_sample.csv,51510,5e96ba475539fd66d3715a2e2b1d06c5274c16fb276bfaabecf1e5c7867249ff
study_37/Data Files and Code/osf_data.csv,87984,e3eaa993aed66a2a404ee442d4243d3d5f7b770264ed951e40611bcbd535d835
study_37/Data Files and Code/Supplemental Tables.pdf,379413,ff96296f6d90125a8d5ed78adeede43d38f779d0ca9bd5607af28e9e23dc74ce
study_37/osf_data.csv,87984,e3eaa993aed66a2a404ee442d4243d3d5f7b770264ed951e40611bcbd535d835
study_37/Supplemental Tables.pdf,379413,ff96296f6d90125a8d5ed78adeede43d38f779d0ca9bd5607af28e9e23dc74ce
study_39/BiddleClntonLisell.pdf,362917,770096917efa664ef77fa36815e3ff38e2caf8f09027acf933454447e50fe078
study_39/OP course - Student Perceptions of Open Pedagogy (Responses).xlsx,17728,d858da8b1f6e3347519bce483434243a684a6cea7609363b54b971714fc2aeb7
study_39/Open Pedagogy assignment instructions.pdf,154863,6e379f9e8de3b3a9a7a55a77eb304e5e749bcbce326ba56e0ac1e1a173870817
study_39/Open_Pedagogy_Student_Perceptions.sav,53619,fab18e5537121743399ecd91782c627d2186079e274add3d52b30fbf15455478
study_39/Student Questionnaire  - Publication.pdf,90172,f0bc62000d7ba0e3a26489d8b65eddb7e61b46e36b371e9220af3a7268b23cd2
study_40/Wood_and_Cross_2024_Final_Data_deidentified.csv,71056,8e21f8d240f8ebb941cd11410fa4380c85fe6c4a9fd96b1c55d884f0a617cb7f
study_41/BART_Content_Knowledge_Deidentified.xlsx,22002,689ae2c1bbaea4be4c51a7690358ed72d48c67a6486bc30596be6daae1ff9bb9
study_41/Untitled3.sav,6655,0c6eddd7c672df9a1da8d2da46bd6e6b3af5c650717fbb564d7ce5babc0fbe4f
study_43/Datafile.sav,107751,24af84343c8af15648535ddc16e310c45ac604f3c443daf657c62879f09e85ea
study_44/Data.xlsx,68308,c0cbd16cde00cbfda191c2c037add08185e9198068281b61fbbabc864af04e79
study_44/Email Used for Faculty Recruitment.pdf,77001,7f903c523fd455e6932f669a30e6c37e499ad4093dc6b1a1da239d8d4477435c
study_44/Supplemental Materials.pdf,219863,847504306df12b8a357fad0c766a9014390098f1916923ec2deefa5110a95b75
study_44/Untitled2.sav,231089,9c1e81485faba03d1e57b8ea7fe1fa612c2d38ee5d3dcdd8ef043840cfdbd029
study_45/Psy_Lit_Data.csv,135167,03b8c75310ff6e89996b08e2ea3c86764af06f6cc05002827c54be15c9c9b7ec
study_45/Psy_Lit_Survey_Chinese.docx,17937,ab5da4439031174bff84087d1c078ea78af4f4e8f19f9e0a8467d1810d51b82c
study_45/Untitled3.sav,160034,ad32778b54741a8ec862a0babd739d755f1fa0899ac4c6b2379315b7bf433f83
study_47/Outside Assistance Dataset.sav,7792,8f60a347d50981065c24ef4c21f61664da67912e14b87f0da5ff84bc21918417
study_47/Outside Assistance Materials.docx,29549,985f4ea745920ccce00373b6ca920c8b30a670e268b502a40dd223cf3e9225cf
study_47/Outside Assistance Syntax.sps,3511,accce60b955b50cd85ba1cdb8d626aa6d605a11ea49b28bc9a4144e5fe23d2c5
study_47/Outside_Assistance_Dataset.sav,7771,7549c16f6986b528f26c81d302b967946a1b87a4ee5c4e7ac445da9106a910bd
study_47/Stereotype lecture.pptx,4340886,4c9c308a01213fa1e88115772e10055eebadecb0a1e0d5d78046acad5b8ebb95
study_49/App Usage Data for Learning Curves and App Usage Analysis.xlsx,580557,764649ebb3103535319eedaf9896486c104139f5ba6f305042750d4f7206b28b
study_49/Appendix A - Blank Slate app description.docx.pdf,86736,1ab7b131b4e7a30cd95465b33253a25528ab9adda544bbf1e59c6f2f9fc4b435
study_49/Calculated Learning Curves_for analysis and graphs.xlsx,77027,0e26393daa3dfb5bce281e731b5f84f2c0b3640f7c34e663ca1b46e0fc146992
study_49/Final Test - Written response scoring.xlsx,241960,1c34a4ec063558bf7e16171d92378c65007858b0612ccc677bb6ca2da2f8d1d0
study_49/Qualtrics Final Test Data Jan 2024.xlsx,47759,a36fbaa85b112c63171c58b713eb703560ea9adde5c85fa4597d8547929561d6
study_49/Qualtrics_Final_Test_Data_Jan_2024.csv,82326,8e4ede18aa388caaa4263cb662bc49de290f7695e09aea3a43643a3ee9512bf2
study_51/clinton-lisell-kelly-2023-are-scientific-memes-motivating-and-does-public-sharing-affect-motivation.pdf,312972,91fa7d44f08b3340ac2a6a3558087334ca0711cc1f632261705d4299c5503ef8
study_51/completedata_withcodes.xlsx,44318,babbc507dc104eac161d086ebe274e27e324c7cc43762e662ec0e272b3070284
study_51/meme project data codes.docx,14953,c291d570165e294391ff82c2e78a375b920b60036f9eff68304134d52dcc1e09
study_51/Meme Project Handout.docx,337014,af5c349b0ebc1f84069637408fff24503b97e99436e3adbe0839b25f7563fd22
study_51/open_pedagogy_with_memes.docx,28430,c68e0845323b5efab878baf51a6eb3c867347d90e6bbbd02d143b99f98ad8996
study_51/PSYC 439 Meme Project Info.docx,910976,5402eb23ff70267be9cba7c8fd224ec97db73f97afad8eae21d6c98b1095a3ab
study_51/Untitled3.sav,93339,e49f13478ec66d85f14beef9688e86580be91a972ee01af213fcf3426d463c57
study_53/AsPredicted (for peer-review only) #49766.pdf,188158,149dd31a8ac299a52ca1ca80b542a101fd3746ef0602bb9171b7a1fa22d74c78
study_53/Study 1/Study 1 SPSS.sav,271415,e60b7c6d5f17a43d4fbe4cdd18390322895f842ad23b624b00a109404fccdd03
study_53/Study 1/Study_1 Qualtrics.docx,99525,06761a91083c93cce686c11c5a42071170ffb1970200612238ec94ca7432e1c4
study_53/Study 1/Table Results.pdf,118879,79449efc8c0960ee6489508f8a9bab49fc38b835a7e2d99ee308e986468923a3
study_53/Study 2/Study 2 planned repeated contrasts.spv,150443,8220f0b9bfd15c8cb313f92ecaaf4b348795b840eec5cdbc020dbe44470557f3
study_53/Study 2/Study 2 SPSS.sav,248442,0d9c121356a8781452e2b423da285028cb4d0bb40c03931d973f13ffa57c7ddb
study_53/Study 2/Study_2 Qualtrics.docx,103228,5f7f213ec118f4c839ed798182bace357adac96808a04c8a24e845b315cfcc00
study_53/Study_1_SPSS.sav,271746,0df96b090e9445794c19d2f2d4cff93a9e0a0b306ee8401cb9a7ef0958d311b7
study_53/Video Scripts.pdf,57815,844ade808b5928ed66fb4975a1b26c22c694b4f43f5ef091a0bda6f55b424c2f
study_55/Data/MQ Exp 1 data - removed failed mastery Ss & timed out.csv,3082,d75f0f141fb2cd2c1881a9a27c5ab77f2237ffe6ebaefbf7a068730eb6f38373
study_55/Data/MQ Exp 1 data - removed failed mastery Ss.csv,1702,fdd8f52da8251474aeceebeb2414a457a5ea50c7a4a64f57ad407fab31ebed38
study_55/Data/MQ Exp 1 data.csv,1681,9b0311f2dedeed45ccc262690f3907a3c42b26dc61678fea8bc55dbf2e123cf2
study_55/Data/MQ Exp 2 data - removed failed mastery Ss & timed out.csv,2951,01d273313aa122522708c3e6d58a01cf7abf42c4dd37e2602904164665a58c35
study_55/Data/MQ Exp 2 data - removed failed mastery Ss.csv,1896,49df1658a9aac84ff404179fed4a4d2ae4df30f3eb35dd7d9776c38c9a9baa5a
study_55/Data/MQ Exp 2 data.csv,1982,3331cd8453125732d7b766ad634e9975ea657eb439600acf079d8aa39c4f66a4
study_55/Data/MQ Exp 3 data - removed failed mastery Ss UPDATED & timed out.csv,3011,dec0755e47467dc79607692da2b6fa280a043409abc87222d4f53a14f755904c
study_55/Data/MQ Exp 3 data - removed failed mastery Ss UPDATED.csv,2686,2b196504f1b101f2a0841608d6c4ea953e9132a0effa1270a748ee9e9b31eac5
study_55/Data/MQ Exp 3 data.csv,2075,2194467eb9d7c03c9f02321fe1c327f5983edcad79d5fb7f6b463ed753dae2ea
study_55/Data/MQ Exp 4 data (full) - removed failed mastery Ss UPDATED & timed out.csv,17182,7dd6a3ead79b6a7f6c4a8093aa43b1aa5eb0e9b26df2b59ee8d7d0e8d1622ad1
study_55/Data/MQ Exp 4 data (full) - removed failed mastery Ss UPDATED.csv,17118,ffb2d22b3ebed99238c30e6385c44536014bdff67826ebab6f175bb265380265
study_55/Data/MQ Exp 4 data (full).csv,14284,49e0cb23db874e9759da88a041346a830a7775f0a8325939c5deb1d543ad1082
study_55/MQ_Exp_1_data_removed_failed_mastery_Ss_and_timed_out.csv,3082,d75f0f141fb2cd2c1881a9a27c5ab77f2237ffe6ebaefbf7a068730eb6f38373
study_55/Supplemental Materials/MQ Appendices.docx,28422,8a5edcd31c3885a45299bf32c01a2091b5c259308daa6ac521605c53d4098855
study_60/Control Syllabus_Man Instructor_UniversityInfoRedacted.docx,1243740,600a3625c66c2056ad473fd80eca7bc285bc1f1c03a63f42637fb427c46b0f3e
study_60/Control Syllabus_Woman Instructor_UniversityInfoRedacted.docx,354915,54a2c9a8529056583a1244f4aa7aac5db62cfe811da506210c0619f8544c860a
study_60/Qualitative Data Coding_syllabus safety cues_instructor gender.docx,13701,cdd80835818ae0c18b155647361600816bdb918ef3dedb8e9aca32241be7bfe8
study_60/Safety Cue Syllabus_Man Instructor_UniversityInfoRedacted.docx,1351449,7b8b2dd05a72c2cc4a1bb65ff9091354085974f7322af735211e9c86d20427cd
study_60/Safety Cue Syllabus_Woman Instructor_UniversityInfoRedacted.docx,462223,6f170bf8ea7f59526a568622d81054de50a492a8153665de38c85d3109a1a33e
study_60/Supplement1_instructor gender_syllabus safety cues.docx,22510,46beea585b530bec145678d364778002d9a11eda9cb26133f548747613482a72
study_60/Supplement2_tips for instructors_instructor gender_syllabus safety cues.docx,15450,a0666763d4d61dc60727ae47c25b33c6187a8097cc1b83217841ad9ed648f7df
study_60/syllabus safety cues_instructor gender pre-print.pdf,265510,b96aea658bee35ff8410f18d1b3030cedce29caa8ce992e53d523eabe3793473
study_60/Syllabus Safety Cues_Instructor Gender Sp21_Analysis Syntax_OSF.sps,11179,6267036c350c16b79473bf15d73c447015f5e387b8c947b11cf78095179d3976
study_60/Syllabus Safety Cues_Instructor Gender Sp21_Supplement Syntax_OSF.sps,27300,dcf0d0cf495df162f758af2ce1f44ecad1ef5be76a9f3fbab0f30e2e7cb86107
study_60/Syllabus Safety Cues_Instructor Gender_Data_Sp21_OSF.sav,620320,69c3656885ab87eace5b9c3879476d091aac13e8f1ac3f82110cdfad6ffabbd0
study_60/Syllabus_Safety_Cues_Instructor_Gender_Data_Sp21_OSF.sav,620304,00afa573e5b453e9f10add8b3aa56e23de78b2634457d40790ac2dd20356ae68
study_60/Syllabus_Safety_Cues_Instructor_Gender_Measures.docx,41963,b376f73c59a7f65653b03a378a4ce499dbb77e291f6703c101ea744f7dcfa91b
