,SubjID,h1_demo_age_nontrad1,h1_demo_gender_male1,h1_demo_ethn_Lat1,h1_demo_ethn_Afr1,h1_demo_ethn_Asn1,h1_demo_ethn_Euro1,h1_demo_ethn_MENA1,h1_demo_ethn_Other1,h1_demo_parents_y_1,h1_demo_addl_lang_EngOther1,h1_demo_first_semest1,h1_regents_avg,h1_ESSES_avg,h1_textbook_y_1,h1_blackboard_y_1,synchronous1,section,HUMAN_attn,HUMAN_work,HUMAN_course,HUMAN_mental,HUMAN_sleep,HUMAN_family,HUMAN_tech,HUMAN_instr,HUMAN_disrupt,Attrition,Section.Type,GPA,h1_ESSES_Read_1,h1_ESSES_Read_2,h1_ESSES_Read_3,h1_ESSES_Read_4_reverse,h1_ESSES_Read_avg,h1_ESSES_Research_1,h1_ESSES_Research_2,h1_ESSES_Research_3,h1_ESSES_Research_4_reverse,h1_ESSES_Research_5,h1_ESSES_Research_avg,h1_ESSES_IL_1,h1_ESSES_IL_2_reverse,h1_ESSES_IL_3_reverse,h1_ESSES_IL_4,h1_ESSES_IL_avg,h1_ESSES_Tech_1,h1_ESSES_Tech_2,h1_ESSES_Tech_3_reverse,h1_ESSES_Tech_4,h1_ESSES_Tech_5,h1_ESSES_Tech_avg,h1_regents_correct1_1,h1_regents_correct1_2,h1_regents_correct1_3,h1_regents_correct1_4,h1_regents_correct1_5,h1_regents_correct1_6
1,SG9762,0,0,1,0,0,0,0,0,0,1,0,0.333333333,4.333333333,1,1,1,SG,0,0,0,0,0,1,0,1,0,0,regular,3,5,4,4,4,4.25,3,4,4,4,4,3.8,5,4,4,6,4.75,5,4,4,5,5,4.6,0,1,0,1,0,0
2,SG9983,0,1,1,0,0,0,0,0,1,1,0,0.5,3.833333333,1,1,1,SG,0,0,0,1,0,1,1,1,0,0,regular,1,4,5,4,3,4,4,3,4,3,5,3.8,5,3,4,5,4.25,4,2,3,6,2,3.4,0,1,1,1,0,0
3,SG8117,0,0,0,0,0,0,1,0,0,1,0,0.833333333,4.055555556,0,1,1,SG,1,0,0,0,0,0,1,1,0,0,regular,4,5,4,4,3,4,4,4,5,2,5,4,5,3,3,4,3.75,5,4,3,6,4,4.4,1,1,1,1,1,0
4,SG0876,0,0,0,1,0,0,0,0,1,0,0,1,3.388888889,1,1,1,SG,0,1,0,0,1,0,0,1,1,0,regular,3,3,4,4,4,3.75,3,3,4,3,3,3.2,3,4,3,4,3.5,3,3,3,4,3,3.2,1,1,1,1,1,1
5,SG4197,0,0,0,0,0,1,0,0,1,0,0,1,4.777777778,1,1,1,SG,1,0,0,0,0,1,0,1,0,0,regular,0,6,6,6,5,5.75,5,5,5,5,5,5,5,2,3,6,4,5,5,2,5,5,4.4,1,1,1,1,1,1
6,SG6789,0,0,0,0,0,0,0,1,1,1,0,0.833333333,4.111111111,1,1,1,SG,0,1,0,0,0,1,1,0,1,0,regular,4,5,5,4,4,4.5,4,4,4,4,3,3.8,5,4,4,4,4.25,4,4,4,4,4,4,1,0,1,1,1,1
7,SG9356,1,0,0,0,0,1,0,0,0,1,0,0.833333333,4.333333333,1,0,1,SG,0,1,0,0,1,0,1,0,0,1,regular,NA,5,4,4,5,4.5,4,4,3,4,4,3.8,5,6,5,2,4.5,4,5,5,6,3,4.6,1,1,1,1,0,1
8,SG1776,0,0,0,0,0,0,0,1,0,0,0,0.666666667,4.611111111,1,1,1,SG,0,0,1,1,1,1,1,0,1,1,regular,NA,5,5,1,2,3.25,6,6,6,5,6,5.8,6,5,2,5,4.5,4,5,4,5,5,4.6,0,1,1,1,0,1
9,SG1615,0,0,0,0,0,0,1,0,1,1,0,0.833333333,3.555555556,0,1,1,SG,0,1,0,0,0,1,0,0,1,0,regular,4,4,4,1,3,3,4,4,4,4,4,4,3,3,3,4,3.25,4,4,4,3,4,3.8,1,1,1,1,0,1
10,SG2421,0,0,0,0,0,1,0,0,0,0,0,0.166666667,2.222222222,1,1,1,SG,1,0,0,1,1,0,1,0,0,1,regular,NA,5,1,2,1,2.25,1,1,1,1,2,1.2,2,3,3,2,2.5,4,3,1,4,3,3,0,1,0,0,0,0
11,SG2160,0,0,0,0,0,0,1,0,0,1,0,1,5.166666667,1,1,1,SG,1,1,0,0,0,1,1,0,1,0,regular,4,6,6,6,6,6,5,4,5,5,5,4.8,5,5,5,5,5,5,5,5,5,5,5,1,1,1,1,1,1
12,SG6140,0,1,0,0,0,0,1,0,1,1,0,1,4.333333333,1,1,1,SG,1,0,0,0,0,0,1,0,0,0,regular,4,6,5,4,3,4.5,5,4,4,5,4,4.4,4,4,3,4,3.75,5,4,5,5,4,4.6,1,1,1,1,1,1
13,SG2342,0,1,0,1,0,0,0,0,1,0,0,0.666666667,4.111111111,1,0,1,SG,1,1,0,0,0,0,0,0,0,0,regular,4,5,5,1,5,4,4,5,5,3,5,4.4,5,5,4,5,4.75,5,4,3,3,2,3.4,0,0,1,1,1,1
14,SG1398,0,1,0,0,0,1,0,0,1,1,0,0.666666667,4.222222222,1,1,1,SG,0,0,0,0,0,0,1,0,0,0,regular,3.3,5,5,4,2,4,5,5,5,3,4,4.4,5,2,2,5,3.5,5,5,4,5,5,4.8,0,1,1,1,0,1
15,SG6198,0,0,0,0,0,0,1,0,1,1,0,1,4.166666667,1,1,1,SG,0,0,0,1,1,1,0,0,0,0,regular,3.3,5,5,4,4,4.5,5,5,5,4,4,4.6,4,4,4,4,4,4,3,3,4,4,3.6,1,1,1,1,1,1
16,SG0609,0,0,0,1,0,0,0,0,0,0,0,0.666666667,4.055555556,1,1,1,SG,0,1,0,0,1,0,0,0,0,0,regular,3.7,5,5,5,5,5,2,4,4,5,3,3.6,5,3,3,2,3.25,5,4,5,4,4,4.4,0,1,1,0,1,1
17,SG4543,0,1,0,1,0,0,0,0,1,0,0,0.833333333,3.333333333,0,1,1,SG,0,0,1,0,0,0,0,0,0,1,regular,NA,4,4,2,2,3,5,4,5,4,4,4.4,3,3,2,4,3,5,2,1,3,3,2.8,1,1,1,0,1,1
18,SG6375,0,0,0,1,0,0,0,0,0,0,0,0.666666667,4.333333333,1,1,1,SG,0,0,0,0,0,0,0,0,0,0,regular,4,5,5,4,3,4.25,4,5,5,3,5,4.4,5,4,3,4,4,4,5,4,5,5,4.6,1,1,1,1,0,0
19,SG1210,0,1,0,0,0,1,0,0,1,1,0,1,4.166666667,1,1,1,SG,0,0,0,0,1,0,0,0,1,0,regular,4,4,5,4,5,4.5,2,4,4,4,4,3.6,5,5,5,4,4.75,3,4,3,6,4,4,1,1,1,1,1,1
20,SG2734,0,1,0,0,0,1,0,0,1,0,0,0.333333333,4.222222222,1,1,1,SG,1,0,0,0,0,0,0,0,0,0,regular,2,4,5,4,3,4,5,5,5,2,5,4.4,5,5,5,4,4.75,4,4,3,4,4,3.8,0,0,0,0,1,1
21,SG5957,0,0,0,0,0,0,1,0,1,1,0,1,3.777777778,1,1,1,SG,0,0,0,0,1,0,1,0,0,0,regular,4,5,5,4,3,4.25,3,2,3,3,4,3,5,5,4,4,4.5,4,3,3,4,4,3.6,1,1,1,1,1,1
22,SG7709,0,1,0,0,0,0,1,0,0,1,0,0.5,4.277777778,1,1,1,SG,0,0,0,0,0,0,1,0,0,0,regular,4,6,5,4,5,5,4,4,5,4,4,4.2,4,3,4,4,3.75,5,4,4,5,3,4.2,1,0,1,0,1,0
23,SG3057,0,0,0,0,0,1,0,0,0,0,0,1,4.555555556,1,1,1,SG,0,0,0,1,0,0,1,0,0,0,regular,3.7,5,4,2,3,3.5,6,5,6,5,6,5.6,2,3,2,6,3.25,3,6,6,6,6,5.4,1,1,1,1,1,1
24,SG3264,0,0,0,0,0,1,0,0,0,0,0,1,5,1,1,1,SG,0,0,0,1,0,1,1,1,0,0,regular,4,5,5,5,5,5,4,6,6,3,5,4.8,5,4,3,5,4.25,6,6,5,6,6,5.8,1,1,1,1,1,1
25,SG7880,0,0,1,0,0,1,0,0,0,1,0,1,4.333333333,1,1,1,SG,1,0,0,0,0,0,0,0,0,0,regular,0,5,5,2,5,4.25,4,5,5,5,3,4.4,4,4,3,3,3.5,5,4,5,6,5,5,1,1,1,1,1,1
26,SG0182,0,0,1,0,0,0,0,0,0,1,0,1,3.666666667,1,1,1,SG,0,1,0,1,0,0,1,0,0,0,regular,3.3,5,3,2,3,3.25,2,2,4,3,4,3,4,4,4,4,4,3,4,5,5,5,4.4,1,1,1,1,1,1
27,SG4071,0,0,0,1,0,0,0,0,0,1,0,1,4.722222222,1,1,1,SG,1,1,0,0,0,1,0,0,0,0,regular,3.3,5,5,4,3,4.25,5,4,5,5,4,4.6,5,5,2,5,4.25,6,5,5,6,6,5.6,1,1,1,1,1,1
28,SG0032,0,1,1,0,0,0,0,0,0,1,0,1,4.777777778,1,1,1,SG,0,0,0,0,0,0,0,0,0,0,regular,4,4,5,5,4,4.5,5,5,5,5,5,5,6,5,4,5,5,5,5,3,6,4,4.6,1,1,1,1,1,1
29,SG8181,0,0,0,0,0,1,0,0,0,0,0,0.333333333,5.166666667,0,1,1,SG,0,0,0,0,0,0,0,0,0,0,regular,2.7,6,6,6,6,6,6,6,6,1,6,5,6,4,4,4,4.5,6,6,6,4,4,5.2,0,1,0,0,1,0
30,SG3299,0,1,0,1,0,0,0,0,1,0,0,0.333333333,4.055555556,0,1,1,SG,0,0,0,0,0,0,1,0,0,0,regular,4,5,5,5,2,4.25,4,4,5,3,5,4.2,4,3,3,5,3.75,5,4,3,5,3,4,0,1,1,0,0,0
31,SG6740,0,0,0,0,0,1,0,0,0,0,0,0.833333333,3.555555556,1,1,1,SG,0,0,0,1,0,0,0,1,1,0,regular,4,4,4,3,2,3.25,4,4,3,3,2,3.2,5,4,3,4,4,4,4,2,5,4,3.8,1,1,1,1,0,1
32,SG8202,0,0,1,0,0,1,0,0,0,0,0,0.666666667,3.888888889,1,1,1,SG,0,0,0,0,0,0,1,1,0,0,regular,4,5,5,4,4,4.5,2,3,4,3,4,3.2,4,4,4,3,3.75,4,5,4,5,3,4.2,0,1,1,1,0,1
33,SG8211,0,0,1,0,0,0,0,0,1,1,0,0.833333333,3.777777778,1,1,1,SG,0,0,0,0,0,1,1,0,0,1,regular,NA,5,4,4,3,4,4,4,3,4,3,3.6,5,3,3,4,3.75,4,3,3,5,4,3.8,1,1,1,1,0,1
34,SG4728,0,0,1,0,0,1,0,0,0,1,0,0.5,3.722222222,0,1,1,SG,0,1,0,0,0,0,1,1,0,1,regular,NA,6,6,4,4,5,3,3,3,2,3,2.8,5,2,3,3,3.25,5,4,1,5,5,4,1,1,1,0,0,0
35,SG8859,0,1,0,0,1,0,0,0,1,1,1,1,4.277777778,1,1,1,SG,1,1,0,0,0,0,0,1,0,0,regular,4,6,6,4,4,5,4,5,5,4,4,4.4,4,3,3,5,3.75,4,4,4,5,3,4,1,1,1,1,1,1
36,SG9099,0,0,0,0,1,0,0,0,1,0,1,0.833333333,2.944444444,1,1,1,SG,0,1,0,0,1,0,0,0,1,0,regular,2.7,4,4,4,2,3.5,3,4,4,2,2,3,4,2,2,1,2.25,4,3,3,4,1,3,0,1,1,1,1,1
37,SG1674,1,0,1,0,0,0,0,0,0,1,0,1,3.777777778,1,1,1,SG,0,0,0,0,0,1,0,1,0,0,regular,4,5,4,4,2,3.75,3,3,5,5,3,3.8,6,3,4,3,4,6,4,3,4,1,3.6,1,1,1,1,1,1
38,SG4452,0,0,0,0,0,1,0,0,1,1,0,0.833333333,3.611111111,1,1,1,SG,0,0,0,1,1,0,0,1,0,0,regular,4,5,4,4,2,3.75,5,3,3,3,4,3.6,4,3,3,3,3.25,5,4,3,4,3,3.8,1,1,1,1,1,0
39,SG5119,0,0,0,0,0,1,0,0,1,0,0,0.833333333,3.222222222,1,1,1,SG,0,0,0,0,0,0,1,0,1,0,regular,4,5,5,5,4,4.75,3,2,2,1,2,2,5,5,3,3,4,2,2,2,5,2,2.6,1,1,1,1,0,1
40,SG9676,0,0,0,0,0,0,1,0,0,1,0,0.5,4.222222222,1,1,1,SG,0,1,0,0,0,0,0,1,0,0,regular,4,6,5,4,3,4.5,3,5,5,3,4,4,4,5,5,4,4.5,5,3,3,5,4,4,1,1,1,0,0,0
41,SG2979,0,0,0,1,1,0,0,0,0,0,0,1,4.277777778,1,1,1,SG,0,0,0,0,1,1,1,0,1,1,regular,NA,5,5,4,4,4.5,5,5,5,3,5,4.6,5,3,2,4,3.5,5,5,3,5,4,4.4,1,1,1,1,1,1
42,SG4702,0,0,0,1,0,0,0,0,1,0,0,0.833333333,1.722222222,0,1,1,SG,1,0,0,0,0,0,0,0,1,0,regular,0,4,4,3,3,3.5,1,1,1,1,1,1,1,1,1,1,1,1,1,1,3,2,1.6,0,1,1,1,1,1
43,SG6613,0,0,1,0,0,0,0,0,0,1,0,0.666666667,4,1,1,1,SG,0,0,0,0,0,0,1,0,0,1,regular,NA,5,6,4,5,5,4,4,5,3,4,4,4,4,4,2,3.5,5,3,3,4,3,3.6,0,0,1,1,1,1
44,SG0368,0,1,1,0,0,1,0,0,1,0,0,0.5,4.833333333,1,1,1,SG,0,0,1,0,0,0,0,1,0,0,regular,3.7,5,5,5,2,4.25,5,5,5,5,5,5,5,5,5,5,5,5,5,5,5,5,5,1,0,1,1,0,0
45,SG4340,0,0,1,0,0,0,0,0,0,1,0,1,4.222222222,1,1,1,SG,1,0,0,0,0,1,1,0,0,0,regular,4,5,4,4,3,4,3,5,6,5,4,4.6,4,4,3,4,3.75,5,4,3,5,5,4.4,1,1,1,1,1,1
46,SG5085,0,0,0,1,0,0,0,0,0,0,0,0.666666667,3.888888889,0,1,1,SG,1,0,0,0,0,0,1,0,0,1,regular,NA,6,5,4,3,4.5,3,4,2,3,5,3.4,4,3,3,4,3.5,6,3,4,4,4,4.2,0,1,1,1,0,1
47,SG0744,0,1,0,0,0,1,0,0,1,0,0,1,4.333333333,1,1,1,SG,0,0,0,0,0,0,1,0,0,0,regular,4,5,5,4,4,4.5,5,5,4,3,4,4.2,5,5,4,4,4.5,4,4,3,5,5,4.2,1,1,1,1,1,1
48,SG0160,0,1,0,0,0,1,0,0,1,0,0,1,4.555555556,1,1,1,SG,0,0,0,0,0,0,0,0,0,0,regular,4,5,5,4,5,4.75,5,5,5,5,2,4.4,5,5,5,6,5.25,4,4,3,6,3,4,1,1,1,1,1,1
49,SG4653,0,0,0,0,0,1,0,0,1,0,0,1,5.055555556,1,1,1,SG,1,0,0,0,0,0,1,0,0,0,regular,4,6,6,6,3,5.25,3,5,5,5,4,4.4,5,6,6,5,5.5,6,5,4,6,5,5.2,1,1,1,1,1,1
50,SH3142,0,0,0,0,0,1,0,0,1,0,0,1,4,1,1,1,SH,1,1,0,0,0,0,0,0,1,0,regular,4,4,5,4,2,3.75,5,3,5,4,4,4.2,5,4,3,5,4.25,5,3,2,5,4,3.8,1,1,1,1,1,1
51,SH9046,0,0,1,0,0,0,0,0,0,1,0,0.666666667,3.777777778,1,1,1,SH,0,0,0,0,0,1,1,0,1,0,regular,3.7,5,5,4,2,4,2,3,3,3,3,2.8,4,4,4,5,4.25,5,4,3,5,4,4.2,0,1,1,1,1,0
52,SH7062,0,0,0,1,0,0,0,0,1,1,0,0.666666667,4.944444444,1,1,1,SH,1,0,0,0,0,0,0,1,0,0,regular,4,5,5,4,5,4.75,5,5,5,5,5,5,5,5,5,5,5,5,5,5,5,5,5,1,1,1,0,1,0
53,SH0378,0,1,1,0,0,0,0,0,0,1,0,0.666666667,3.944444444,1,0,1,SH,0,1,0,0,0,0,1,0,0,0,regular,2.7,6,6,4,3,4.75,2,2,3,4,4,3,4,4,4,4,4,5,4,3,5,4,4.2,0,1,1,1,0,1
54,SH7408,1,0,0,0,0,1,0,0,1,0,0,1,4.833333333,1,1,1,SH,0,0,0,0,0,0,0,1,0,0,regular,4,6,6,5,3,5,3,4,4,4,3,3.6,6,6,6,6,6,5,4,6,6,4,5,1,1,1,1,1,1
55,SH7070,0,1,0,0,0,0,0,0,1,1,0,0.833333333,4.944444444,1,1,1,SH,0,0,0,0,0,0,0,1,0,0,regular,4,6,5,4,3,4.5,6,5,5,5,4,5,5,5,4,4,4.5,5,5,6,6,6,5.6,1,0,1,1,1,1
56,SH0343,0,0,0,1,0,0,0,0,1,0,0,0.333333333,4.222222222,1,1,1,SH,1,1,0,0,0,0,0,0,0,0,regular,1,5,5,4,5,4.75,4,5,5,3,4,4.2,4,3,3,5,3.75,4,5,3,5,4,4.2,0,1,0,0,1,0
57,SH4815,0,1,0,0,0,1,0,0,1,0,0,0.666666667,3.888888889,1,1,1,SH,0,0,0,0,0,0,0,0,1,0,regular,3.3,6,5,4,3,4.5,4,4,5,4,2,3.8,2,3,2,3,2.5,5,4,5,5,4,4.6,1,0,1,1,0,1
58,SH7716,0,0,0,1,0,0,0,0,1,0,0,0.5,4.444444444,1,0,1,SH,1,0,0,0,1,0,0,0,0,0,regular,0,5,5,4,3,4.25,4,4,4,4,4,4,4,5,4,5,4.5,5,4,4,6,6,5,0,1,1,0,0,1
59,SH8257,0,0,1,0,0,1,0,1,1,0,0,0.833333333,4.166666667,1,1,1,SH,0,0,0,1,0,0,0,1,0,0,regular,3,5,4,4,3,4,4,4,4,1,4,3.4,5,5,4,5,4.75,4,4,4,6,5,4.6,1,1,1,1,0,1
60,SH0248,0,0,0,0,0,1,0,0,1,0,0,0.666666667,4.055555556,1,1,1,SH,1,1,0,0,0,0,0,0,0,0,regular,3.3,6,5,4,4,4.75,2,3,5,4,2,3.2,4,4,4,4,4,5,4,3,5,5,4.4,0,1,1,1,1,0
61,SH3115,1,0,1,0,0,0,0,0,1,1,1,0.5,3.888888889,0,1,1,SH,0,0,0,0,0,0,1,0,0,0,regular,0,5,5,5,5,5,2,4,4,3,2,3,4,2,3,4,3.25,5,4,4,5,4,4.4,0,0,1,1,0,1
62,SH1867,0,0,0,1,0,0,0,0,0,0,0,0.666666667,5.222222222,1,1,1,SH,0,1,0,0,0,0,0,1,0,0,regular,0,6,5,4,4,4.75,5,5,6,5,5,5.2,6,5,5,6,5.5,6,6,5,6,4,5.4,0,1,1,1,0,1
63,SH4820,0,0,0,0,0,1,0,0,1,1,0,0.833333333,4.166666667,1,1,1,SH,1,0,1,0,0,0,0,1,0,0,regular,4,5,5,5,2,4.25,4,4,5,5,5,4.6,3,3,3,4,3.25,5,5,4,4,4,4.4,1,1,1,1,0,1
64,SH5865,1,0,0,0,0,1,0,0,0,0,1,0.666666667,3.722222222,1,1,1,SH,0,0,0,0,0,0,1,0,0,0,regular,4,5,4,4,4,4.25,4,4,4,4,5,4.2,4,3,3,3,3.25,3,3,3,4,3,3.2,1,0,0,1,1,1
65,SH4162,0,1,0,0,0,1,0,0,0,1,0,1,5,1,1,1,SH,0,0,0,0,0,0,0,1,0,0,regular,1,6,4,4,6,5,4,6,6,4,6,5.2,5,4,3,5,4.25,6,5,5,6,5,5.4,1,1,1,1,1,1
66,SH2417,0,0,0,1,0,0,0,0,0,0,0,0.666666667,3.444444444,0,0,1,SH,0,0,0,0,0,0,0,0,0,0,regular,4,4,5,2,4,3.75,2,2,4,4,2,2.8,5,5,3,3,4,4,2,4,5,2,3.4,1,0,1,1,1,0
67,SH1835,0,0,0,0,0,1,0,0,0,0,0,0.666666667,3.722222222,1,1,1,SH,1,0,0,0,1,0,0,1,0,0,regular,0,5,5,4,3,4.25,5,4,4,4,4,4.2,4,4,3,3,3.5,5,1,3,5,1,3,0,1,1,1,0,1
68,SH8248,0,1,0,0,0,1,0,0,1,0,0,0.5,3,1,1,1,SH,1,0,0,0,0,0,0,0,0,0,regular,4,4,2,1,2,2.25,3,5,4,5,2,3.8,4,2,2,2,2.5,2,5,5,2,2,3.2,1,1,0,0,0,1
69,SH3959,0,0,1,0,0,0,0,0,0,1,0,0.833333333,3.833333333,1,1,1,SH,0,1,0,0,0,0,0,0,0,0,regular,4,5,4,4,3,4,4,4,4,3,4,3.8,4,3,3,4,3.5,4,4,3,5,4,4,1,1,1,0,1,1
70,SH3792,1,0,0,0,0,0,0,1,0,0,0,0.833333333,4.666666667,1,1,1,SH,0,1,0,1,1,1,1,0,0,0,regular,4,5,5,5,5,5,4,5,5,4,5,4.6,5,4,4,5,4.5,5,5,3,5,5,4.6,1,1,1,0,1,1
71,SH5853,0,1,0,0,1,0,0,0,0,1,0,0.833333333,4.222222222,1,1,1,SH,1,1,1,0,0,0,0,1,0,0,regular,4,2,1,2,2,1.75,4,4,4,5,5,4.4,5,4,5,5,4.75,6,6,5,5,6,5.6,1,1,1,1,0,1
72,SH7667,0,1,0,0,0,1,0,0,0,0,0,0.666666667,3.388888889,1,1,1,SH,0,0,0,0,0,0,0,1,0,0,regular,2.7,5,6,4,1,4,2,4,4,2,2,2.8,5,5,2,2,3.5,3,3,3,5,3,3.4,1,0,1,0,1,1
73,SH8118,0,0,1,0,0,0,0,0,0,1,1,0.833333333,5.277777778,1,1,1,SH,1,1,0,0,0,0,0,1,0,0,regular,4,6,6,4,5,5.25,5,5,6,6,5,5.4,6,5,4,5,5,6,5,5,6,5,5.4,0,1,1,1,1,1
74,SH5971,0,1,0,0,0,1,0,0,1,1,0,0.666666667,4.666666667,1,1,1,SH,0,0,0,0,0,0,1,0,0,0,regular,4,5,4,5,3,4.25,4,4,4,5,4,4.2,6,4,5,5,5,6,4,4,6,6,5.2,1,0,1,1,1,0
75,SH7870,0,0,0,0,0,1,0,0,0,0,0,0.5,4.055555556,1,1,1,SH,1,0,0,0,0,0,0,0,1,0,regular,4,5,5,4,3,4.25,4,4,4,4,4,4,5,5,4,4,4.5,4,4,2,5,3,3.6,0,0,1,1,0,1
76,SH9899,0,0,0,0,1,0,0,0,1,1,0,0.5,3.944444444,1,1,1,SH,0,0,0,0,0,0,0,0,1,0,regular,4,6,5,4,4,4.75,3,3,3,3,3,3,4,4,4,4,4,5,4,3,5,4,4.2,0,1,1,1,0,0
77,SH7053,0,0,0,0,0,1,0,0,1,0,0,1,4.111111111,1,1,1,SH,1,0,1,1,0,0,0,0,0,0,regular,4,4,5,4,2,3.75,4,4,4,2,5,3.8,5,4,5,5,4.75,5,4,3,6,3,4.2,1,1,1,1,1,1
78,SH0989,0,1,0,0,0,1,0,0,0,0,0,0.5,4,1,1,1,SH,1,1,0,0,1,0,1,0,0,0,regular,3.3,6,5,4,3,4.5,4,3,4,2,4,3.4,4,2,3,4,3.25,6,5,3,5,5,4.8,1,0,1,0,0,1
79,SH0321,0,1,0,1,0,0,0,0,0,0,0,1,4.055555556,1,1,1,SH,0,0,0,0,1,0,0,1,0,0,regular,3.7,4,4,3,4,3.75,5,4,5,2,1,3.4,4,6,5,6,5.25,4,3,4,6,3,4,1,1,1,1,1,1
80,SH2603,0,0,0,0,0,1,0,0,1,1,0,0.333333333,4.166666667,1,1,1,SH,0,0,0,0,0,1,1,0,0,0,regular,3,5,5,4,1,3.75,4,5,5,4,4,4.4,6,4,3,5,4.5,3,5,3,6,3,4,1,1,0,0,0,0
81,SH1815,0,0,0,1,0,0,0,0,1,1,0,1,3.777777778,0,1,1,SH,0,1,0,0,0,0,0,0,0,0,regular,3,6,6,6,3,5.25,3,3,3,1,3,2.6,5,4,4,4,4.25,3,3,4,4,3,3.4,1,1,1,1,1,1
82,SH7257,0,0,1,0,0,0,0,0,0,1,0,0.666666667,3.833333333,1,1,1,SH,1,1,0,0,0,0,1,0,0,0,regular,2,4,4,3,2,3.25,5,5,5,1,5,4.2,5,2,4,5,4,4,4,1,5,5,3.8,0,1,1,1,1,0
83,SH4308,0,0,1,0,0,0,0,0,0,1,0,0.5,4.111111111,1,1,1,SH,1,1,0,0,1,0,1,0,0,0,regular,3.7,4,4,4,4,4,4,4,4,4,4,4,5,4,4,3,4,5,4,3,5,5,4.4,0,1,0,1,1,0
84,SH3181,0,1,0,0,0,0,0,1,0,1,0,0.666666667,3.777777778,1,1,1,SH,0,0,1,1,0,0,0,0,0,0,regular,3,4,4,2,4,3.5,2,4,5,3,4,3.6,4,3,4,4,3.75,5,4,3,5,4,4.2,1,1,1,1,0,0
85,SH2261,0,0,0,0,0,1,0,0,1,0,0,0.166666667,2.5,1,1,1,SH,1,1,1,0,0,0,0,0,0,1,regular,NA,3,2,5,3,3.25,4,2,2,1,4,2.6,3,2,2,3,2.5,2,2,2,1,2,1.8,1,0,0,0,0,0
86,SH5693,0,1,0,0,0,1,0,0,1,1,1,1,5.333333333,1,1,1,SH,0,0,0,0,0,0,1,0,0,0,regular,3.7,6,6,5,4,5.25,6,5,5,5,5,5.2,5,5,5,5,5,6,6,5,6,6,5.8,1,1,1,1,1,1
87,SH7877,0,1,0,0,1,0,0,0,1,0,0,1,3.666666667,1,1,1,SH,0,0,0,0,0,0,1,0,1,0,regular,4,4,4,3,3,3.5,4,4,4,3,3,3.6,4,3,4,3,3.5,5,3,4,4,4,4,1,1,1,1,1,1
88,SH8331,0,0,0,0,0,1,0,0,1,1,0,0.333333333,4.333333333,1,1,1,SH,0,0,0,0,0,0,0,0,0,0,regular,1,4,5,4,4,4.25,5,4,4,4,4,4.2,5,5,5,4,4.75,4,4,4,5,4,4.2,0,0,1,1,0,0
89,SH7893,0,0,0,0,0,0,0,0,0,1,0,0.5,3.666666667,1,1,1,SH,1,1,1,0,1,0,1,1,0,0,regular,4,5,4,2,3,3.5,3,4,4,3,3,3.4,4,5,3,3,3.75,4,4,4,3,5,4,0,0,1,0,1,1
90,SH7119,1,0,0,1,0,1,0,0,0,0,0,0.833333333,4.166666667,1,1,1,SH,0,0,0,0,0,0,0,0,0,0,regular,4,5,5,4,4,4.5,4,4,4,4,5,4.2,5,4,5,4,4.5,3,3,3,5,4,3.6,1,1,1,1,0,1
91,SH8655,0,0,0,1,0,0,0,0,1,0,0,1,2.944444444,1,1,1,SH,0,0,0,0,1,0,0,1,0,0,regular,3,5,4,2,2,3.25,3,3,4,1,4,3,3,2,2,4,2.75,4,2,1,5,2,2.8,1,1,1,1,1,1
92,SH4638,1,0,0,0,1,1,0,0,1,1,0,0.333333333,4.944444444,1,1,1,SH,0,0,0,0,0,0,1,0,0,0,regular,3.7,6,6,4,2,4.5,6,3,2,2,4,3.4,6,6,6,6,6,6,6,6,6,6,6,0,0,1,0,0,1
93,SH6654,0,1,1,0,0,0,0,0,1,1,0,0.5,3.888888889,1,1,1,SH,1,1,0,0,0,0,0,0,1,0,regular,0,6,6,5,4,5.25,2,4,4,3,2,3,4,4,4,3,3.75,5,4,3,4,3,3.8,1,1,1,0,0,0
94,SH6853,0,0,0,0,0,1,0,0,1,1,0,0.5,3.666666667,0,1,1,SH,0,0,0,1,0,0,1,0,0,0,regular,4,4,5,2,4,3.75,3,4,4,3,4,3.6,4,3,4,4,3.75,4,4,2,4,4,3.6,1,1,1,0,0,0
95,SH4701,0,0,0,1,0,0,0,0,0,1,1,0.666666667,4.166666667,1,1,1,SH,0,0,0,1,0,0,0,1,0,0,regular,3.3,4,4,4,3,3.75,4,4,4,3,4,3.8,5,4,4,5,4.5,5,5,3,5,5,4.6,1,1,0,1,0,1
96,SH3692,0,0,0,1,0,0,0,0,1,1,0,0.5,3.166666667,1,0,1,SH,0,0,0,0,0,0,0,0,0,0,regular,3.7,4,3,2,3,3,3,3,2,3,1,2.4,4,3,1,4,3,5,3,2,6,5,4.2,1,1,0,0,1,0
97,SH4034,0,1,1,0,0,1,0,0,0,1,0,1,5.777777778,1,1,1,SH,0,0,0,1,1,0,1,0,0,0,regular,4,6,6,5,6,5.75,5,6,6,6,5,5.6,6,6,6,6,6,6,6,6,5,6,5.8,1,1,1,1,1,1
98,SK8617,0,1,0,1,0,0,1,0,1,1,0,1,4.055555556,1,1,1,SK,0,0,0,0,0,0,1,1,1,0,regular,4,6,6,5,2,4.75,4,4,4,3,5,4,6,4,4,5,4.75,5,4,2,1,3,3,1,1,1,1,1,1
99,SK2929,0,0,0,0,1,0,0,0,1,1,0,1,4.722222222,1,1,1,SK,1,0,0,1,0,0,1,0,0,0,regular,3.3,6,6,5,4,5.25,5,5,5,3,5,4.6,6,4,5,5,5,5,4,3,5,4,4.2,1,1,1,1,1,1
100,SK7075,0,0,0,0,1,0,0,0,1,0,0,0.833333333,4.5,1,1,1,SK,0,1,0,1,0,1,1,0,1,0,regular,4,5,5,5,3,4.5,4,4,4,5,4,4.2,5,4,5,4,4.5,4,5,5,5,5,4.8,1,1,1,1,0,1
101,SK1236,0,0,0,1,0,0,0,0,1,0,0,0.666666667,3.666666667,1,1,1,SK,0,0,0,0,0,0,0,0,1,0,regular,4,4,4,4,3,3.75,4,3,3,3,3,3.2,4,5,3,4,4,4,3,3,6,3,3.8,0,1,1,1,1,0
102,SK8146,1,1,0,1,0,0,0,0,0,1,1,0.833333333,4.777777778,1,1,1,SK,0,1,0,1,0,0,1,0,0,0,regular,3.7,5,6,4,5,5,5,5,5,4,5,4.8,5,5,4,6,5,5,5,3,6,3,4.4,1,1,1,1,1,0
103,SK4321,0,0,1,0,0,0,0,0,0,1,0,0.666666667,4,0,1,1,SK,1,0,0,0,0,0,0,0,0,0,regular,3.3,4,5,5,4,4.5,4,4,4,4,3,3.8,4,3,3,4,3.5,4,4,4,5,4,4.2,1,0,1,1,0,1
104,SK0088,0,0,1,0,0,1,0,0,0,1,0,1,4.555555556,1,1,1,SK,0,0,0,0,1,1,1,0,1,1,regular,NA,5,5,4,3,4.25,4,5,5,5,5,4.8,4,5,5,5,4.75,5,3,4,6,4,4.4,1,1,1,1,1,1
105,SK0830,0,1,0,0,1,0,0,0,1,0,0,1,5,1,1,1,SK,0,0,0,0,0,0,1,0,0,1,regular,NA,5,5,5,5,5,5,5,5,5,5,5,5,5,5,5,5,5,5,5,5,5,5,1,1,1,1,1,1
106,SK6835,0,0,0,0,0,1,0,0,1,0,0,0.833333333,4.111111111,1,1,1,SK,0,0,0,0,0,0,1,0,0,0,regular,4,5,5,4,5,4.75,4,4,3,3,4,3.6,4,5,4,4,4.25,5,4,2,6,3,4,1,1,1,0,1,1
107,SK9799,0,0,0,0,0,1,0,0,0,1,0,0.833333333,4.555555556,1,1,1,SK,1,0,0,0,0,0,0,0,0,0,regular,4,6,6,4,3,4.75,5,5,5,4,4,4.6,6,1,1,6,3.5,5,6,3,6,6,5.2,1,1,1,1,0,1
108,SK1566,0,0,0,0,1,0,0,0,1,1,0,1,5.111111111,1,1,1,SK,0,0,0,0,0,0,1,0,0,0,regular,3.7,5,6,5,5,5.25,4,5,5,5,4,4.6,5,5,5,6,5.25,6,5,4,6,6,5.4,1,1,1,1,1,1
109,SK8348,0,1,0,0,0,1,0,0,1,0,1,0.666666667,4.555555556,1,1,1,SK,1,0,0,0,1,0,1,0,0,0,regular,0,5,5,5,3,4.5,5,5,5,3,4,4.4,6,4,2,6,4.5,6,4,3,6,5,4.8,0,1,1,0,1,1
110,SK6161,0,0,0,0,0,1,0,0,0,0,0,0.333333333,4.5,1,1,1,SK,1,0,0,0,0,0,0,0,1,0,regular,3,6,6,5,3,5,5,5,5,2,5,4.4,6,1,1,6,3.5,6,6,1,6,6,5,1,1,0,0,0,0
111,SK9088,0,0,1,0,0,0,0,0,1,1,0,1,3.611111111,1,1,1,SK,0,0,0,0,1,0,1,0,0,0,regular,3,4,4,4,2,3.5,4,4,3,3,3,3.4,4,4,3,3,3.5,4,4,2,5,5,4,1,1,1,1,1,1
112,SK3492,0,1,1,0,0,0,0,0,0,1,0,1,4.777777778,1,1,1,SK,1,1,0,0,1,0,0,0,0,0,regular,0,5,5,5,5,5,4,5,5,5,5,4.8,5,5,5,5,5,5,5,3,5,4,4.4,1,1,1,1,1,1
113,SK8651,0,1,1,0,0,0,0,0,0,1,0,0.5,3.555555556,0,1,1,SK,0,0,0,0,0,1,0,1,0,0,regular,0,5,4,4,2,3.75,2,2,3,4,4,3,4,4,3,4,3.75,4,4,3,4,4,3.8,0,1,1,1,0,0
114,SK1063,0,1,0,0,0,1,0,0,1,1,0,1,4.833333333,1,1,1,SK,0,0,0,0,0,0,1,0,1,0,regular,4,6,6,5,4,5.25,6,5,6,4,5,5.2,3,4,5,5,4.25,5,4,4,5,5,4.6,1,1,1,1,1,1
115,SK9632,0,0,1,0,0,0,0,0,0,1,0,0.5,3.888888889,1,0,1,SK,0,0,0,0,0,0,0,1,0,0,regular,2.7,4,4,3,4,3.75,4,4,5,3,5,4.2,4,2,3,4,3.25,5,5,2,6,3,4.2,1,1,1,0,0,0
116,SK7150,0,0,0,1,0,0,0,0,1,0,0,0.166666667,3.944444444,1,1,1,SK,0,0,0,0,0,0,1,0,0,0,regular,2,4,4,4,3,3.75,2,5,4,3,4,3.6,4,3,3,5,3.75,5,4,4,6,4,4.6,0,1,0,0,0,0
117,SK2248,0,1,0,1,0,0,0,0,0,0,0,0.666666667,5.166666667,0,1,1,SK,0,1,0,0,0,0,0,1,0,0,regular,3.7,6,6,6,6,6,6,6,6,6,6,6,6,6,6,1,4.75,6,1,6,6,1,4,0,1,1,1,0,1
118,SK8782,0,0,0,1,0,0,0,0,0,0,0,0.666666667,4.555555556,1,1,1,SK,1,0,0,1,0,0,0,1,0,1,regular,NA,6,6,3,5,5,4,4,4,4,4,4,6,4,4,5,4.75,5,4,5,5,4,4.6,1,0,1,1,0,1
119,SK5027,0,0,0,0,1,0,0,0,0,1,0,0.833333333,3.833333333,1,1,1,SK,0,0,0,0,0,0,1,0,0,0,regular,4,4,5,4,3,4,3,4,4,3,4,3.6,4,4,3,3,3.5,5,3,4,4,5,4.2,1,1,1,1,0,1
120,SK4207,1,0,1,0,0,1,0,0,1,0,0,1,4.277777778,1,1,1,SK,0,0,0,0,0,0,0,1,0,0,regular,4,6,5,5,3,4.75,3,4,4,3,3,3.4,5,4,5,4,4.5,4,6,4,6,3,4.6,1,1,1,1,1,1
121,SK0098,0,0,1,0,0,0,0,0,1,0,0,0.833333333,3.5,1,1,1,SK,0,1,0,0,1,0,1,0,0,0,regular,2,4,3,3,3,3.25,4,3,3,2,3,3,3,2,3,4,3,5,4,3,6,5,4.6,1,1,1,1,1,0
122,SK2035,0,1,1,0,0,0,0,0,1,0,0,1,4.055555556,0,0,1,SK,1,0,0,0,0,0,1,0,1,0,regular,4,5,5,4,2,4,5,5,4,3,5,4.4,4,2,3,4,3.25,5,5,3,4,5,4.4,1,1,1,1,1,1
123,SK4357,0,0,0,1,0,0,0,0,1,1,0,0.666666667,4.444444444,1,1,1,SK,1,0,0,0,0,0,1,0,0,0,regular,2,6,6,5,3,5,5,5,5,4,3,4.4,3,3,3,4,3.25,5,5,5,5,5,5,1,0,1,1,1,0
124,SK5055,0,0,0,0,1,0,0,0,0,1,0,0.833333333,4,0,1,1,SK,0,0,0,0,0,0,1,0,0,0,regular,3.3,4,5,4,2,3.75,3,4,5,3,4,3.8,4,4,3,3,3.5,5,3,4,6,6,4.8,1,1,1,1,0,1
125,SK1260,0,0,0,0,0,0,1,0,0,1,0,0,4.055555556,1,1,1,SK,0,0,0,0,1,0,1,0,0,0,regular,4,5,4,3,4,4,5,5,5,2,5,4.4,4,3,3,4,3.5,5,5,3,4,4,4.2,0,0,0,0,0,0
126,SK6595,0,0,1,0,0,1,0,0,0,1,0,0.666666667,3.444444444,1,0,1,SK,1,0,0,0,0,0,1,0,0,0,regular,4,5,2,3,4,3.5,4,4,3,3,3,3.4,4,3,3,3,3.25,4,3,3,6,2,3.6,1,0,1,1,0,1
127,SK4503,0,0,0,1,0,0,0,0,0,1,0,0.833333333,3.666666667,0,1,1,SK,1,0,0,0,0,0,1,1,0,0,regular,3,6,5,4,3,4.5,3,2,2,3,4,2.8,4,3,3,4,3.5,5,4,3,6,2,4,0,1,1,1,1,1
128,SK2571,0,1,0,1,0,0,0,0,1,1,0,0.5,3.944444444,1,1,1,SK,0,0,0,0,1,0,0,0,0,0,regular,1,4,5,3,3,3.75,5,6,6,4,1,4.4,5,3,3,5,4,4,3,3,5,3,3.6,0,1,1,0,1,0
129,SK8386,0,1,1,0,0,0,0,0,0,1,0,0.833333333,3.833333333,1,1,1,SK,0,1,0,0,0,0,0,0,0,0,regular,2.7,5,5,4,2,4,3,4,4,3,4,3.6,4,4,4,4,4,4,4,4,5,2,3.8,1,1,1,1,1,0
130,SK7982,0,1,1,0,0,0,0,0,0,1,0,0.5,3.833333333,1,1,1,SK,0,0,0,0,0,0,0,1,0,1,regular,NA,5,4,4,3,4,2,3,3,3,2,2.6,4,5,5,3,4.25,5,5,3,6,4,4.6,0,1,1,1,0,0
131,SK2861,0,1,0,1,0,0,0,0,0,0,0,0.5,4.722222222,0,1,1,SK,0,1,0,0,0,0,0,0,0,0,regular,0,6,6,6,5,5.75,5,3,5,3,4,4,4,3,5,3,3.75,6,4,5,6,6,5.4,0,0,1,1,1,0
132,SK7864,0,0,0,1,0,0,0,0,0,1,0,0.666666667,3.611111111,0,1,1,SK,1,0,0,0,0,0,0,0,1,1,regular,NA,2,4,4,3,3.25,4,4,4,3,4,3.8,4,3,3,4,3.5,4,4,3,4,4,3.8,1,1,1,1,0,0
133,SK5388,0,1,0,0,0,1,0,0,1,1,0,0.5,3.666666667,1,1,1,SK,1,1,0,0,0,1,1,1,0,0,regular,3.7,4,4,4,3,3.75,4,4,4,3,4,3.8,4,2,3,4,3.25,4,4,4,4,3,3.8,1,1,0,0,1,0
134,SK2760,0,1,1,0,0,0,0,0,1,1,0,0.333333333,4.055555556,1,1,1,SK,1,0,0,0,1,0,0,0,0,0,regular,3,6,6,4,2,4.5,4,4,4,2,5,3.8,5,3,2,5,3.75,4,4,3,5,5,4.2,0,1,0,1,0,0
135,SK4882,0,1,0,0,0,1,0,0,1,1,0,1,4.777777778,1,1,1,SK,1,0,0,0,0,0,0,0,0,0,regular,2,6,6,6,1,4.75,4,4,4,4,4,4,6,5,5,6,5.5,6,6,4,6,3,5,1,1,1,1,1,1
136,SK8686,0,1,0,0,0,1,0,0,0,1,0,0.833333333,3.888888889,1,1,1,SK,0,0,0,0,0,0,0,0,0,0,regular,0,3,3,4,4,3.5,3,4,4,5,4,4,4,5,5,4,4.5,4,3,3,6,2,3.6,1,1,1,1,0,1
137,SK9296,0,0,1,0,0,0,0,0,0,1,0,0.666666667,3.5,1,1,1,SK,0,0,0,0,0,0,0,1,1,0,regular,3,4,4,3,3,3.5,3,4,4,3,4,3.6,4,3,3,3,3.25,4,4,4,4,2,3.6,1,1,0,1,1,0
138,SK9935,0,1,0,0,1,0,0,0,1,1,0,0.833333333,4.388888889,1,1,1,SK,0,0,0,0,1,0,0,1,0,0,regular,3,6,6,5,3,5,4,4,4,4,4,4,4,5,3,5,4.25,6,5,2,4,5,4.4,0,1,1,1,1,1
139,SK8464,0,1,1,0,0,0,0,0,0,1,0,0.333333333,3.888888889,1,1,1,SK,0,0,0,0,0,0,0,0,0,0,regular,0,4,5,4,3,4,4,4,4,4,3,3.8,4,5,4,3,4,4,4,4,4,3,3.8,1,1,0,0,0,0
140,SK4833,0,1,0,0,1,0,0,0,0,1,0,0.833333333,3.666666667,1,0,1,SK,0,0,0,0,0,0,1,0,0,1,regular,NA,4,5,3,2,3.5,4,5,5,3,3,4,4,5,5,3,4.25,3,3,3,5,1,3,1,1,1,1,0,1
141,SK7679,0,1,0,1,0,1,0,0,1,0,0,0.833333333,4.444444444,1,1,1,SK,0,0,0,0,1,0,1,0,0,0,regular,0,5,5,4,3,4.25,4,4,5,4,4,4.2,5,4,4,5,4.5,5,5,4,5,5,4.8,0,1,1,1,1,1
142,SK8641,0,0,0,0,0,0,1,0,0,1,1,0.666666667,4.222222222,1,1,1,SK,1,0,0,1,1,0,0,0,0,0,regular,2.7,5,5,5,3,4.5,5,4,4,4,4,4.2,5,3,3,4,3.75,5,5,3,5,4,4.4,0,1,0,1,1,1
143,SK4111,0,0,0,0,0,1,0,0,0,1,0,0.666666667,3.833333333,1,1,1,SK,0,0,0,0,0,0,1,0,0,0,regular,4,5,5,4,4,4.5,3,4,4,3,5,3.8,4,5,4,4,4.25,4,3,3,3,2,3,1,1,1,1,0,0
144,SK2591,0,1,0,0,0,1,0,0,1,1,0,1,4.833333333,1,1,1,SK,0,0,0,0,0,0,1,0,0,1,regular,NA,5,5,5,5,5,5,5,5,2,5,4.4,5,5,5,5,5,5,5,5,5,5,5,1,1,1,1,1,1
145,SP4937,0,0,0,1,0,0,1,0,1,1,0,0.666666667,3.611111111,1,1,0,SP,0,1,0,0,0,0,0,0,0,0,regular,4,4,4,4,3,3.75,4,4,4,5,4,4.2,4,5,3,4,4,3,3,2,4,1,2.6,1,1,1,0,1,0
146,SP2567,0,1,0,0,0,0,1,0,1,1,0,0.833333333,4.833333333,1,1,0,SP,0,0,1,0,0,0,0,0,0,0,regular,3.3,5,4,4,4,4.25,5,5,5,5,5,5,5,5,5,5,5,5,5,5,5,5,5,0,1,1,1,1,1
147,SP0208,0,1,0,0,0,0,1,0,0,1,0,0.333333333,3.722222222,0,1,0,SP,0,0,0,0,1,0,1,0,0,0,regular,0,4,4,5,2,3.75,4,4,4,3,4,3.8,4,3,3,4,3.5,4,4,3,4,4,3.8,1,0,0,0,1,0
148,SP2387,0,0,0,1,0,0,0,0,1,1,0,0.5,4.666666667,1,1,0,SP,0,1,0,0,1,0,0,1,0,1,regular,NA,5,4,5,4,4.5,3,4,4,5,4,4,5,5,5,5,5,5,6,3,6,6,5.2,1,0,0,0,1,1
149,SP8139,0,0,1,0,0,0,0,0,0,1,0,0.666666667,2.666666667,1,0,0,SP,1,1,0,0,0,1,0,0,1,1,regular,NA,3,2,1,2,2,2,2,2,2,4,2.4,4,3,2,2,2.75,3,3,3,6,2,3.4,0,1,1,0,1,1
150,SP7440,0,1,1,0,0,1,0,0,1,1,0,1,4.5,0,0,0,SP,0,0,0,0,0,0,0,1,0,0,regular,1,1,5,4,5,3.75,6,6,6,6,4,5.6,5,5,5,5,5,2,4,5,5,2,3.6,1,1,1,1,1,1
151,SP9603,0,1,1,1,0,0,0,0,1,0,0,0.833333333,4.166666667,0,1,0,SP,1,0,0,0,0,0,1,0,0,1,regular,NA,4,4,4,3,3.75,6,5,6,3,3,4.6,5,3,4,4,4,6,5,3,6,1,4.2,1,1,1,1,0,1
152,SP9300,0,0,1,0,0,0,0,0,1,1,1,0.833333333,4,1,1,0,SP,1,0,0,0,0,0,0,0,0,0,regular,1,5,5,4,5,4.75,4,5,3,3,4,3.8,4,5,4,3,4,5,3,3,5,2,3.6,1,1,1,0,1,1
153,SP0922,0,1,0,0,1,1,0,0,1,1,0,1,3.833333333,1,1,0,SP,0,1,0,0,1,1,0,0,0,0,regular,1,5,5,4,3,4.25,4,4,5,2,4,3.8,4,5,4,3,4,4,3,1,5,4,3.4,1,1,1,1,1,1
154,SP5705,0,0,0,0,0,1,0,0,0,0,0,0.833333333,3,1,0,0,SP,1,1,0,0,0,0,1,1,0,0,regular,0,2,4,3,2,2.75,2,2,2,2,5,2.6,3,3,3,3,3,4,4,3,4,3,3.6,1,1,1,1,1,0
155,SP3446,0,1,1,0,0,0,0,0,0,1,0,0.333333333,2.388888889,1,1,0,SP,1,0,0,0,0,0,0,0,0,0,regular,1,1,1,1,5,2,1,3,1,4,2,2.2,1,5,5,2,3.25,1,1,5,2,2,2.2,0,1,1,0,0,0
156,SP2747,0,1,0,0,0,0,1,0,1,1,0,0.666666667,4.055555556,1,1,0,SP,0,0,0,0,0,0,1,0,0,0,regular,0,5,5,5,5,5,4,4,4,4,4,4,2,5,5,2,3.5,4,4,3,4,4,3.8,1,1,1,1,0,0
157,SP8605,0,0,0,0,0,1,0,0,0,0,1,0.666666667,4.111111111,1,1,0,SP,1,0,0,1,0,0,0,1,0,0,regular,4,6,5,5,2,4.5,4,5,5,3,3,4,4,2,4,5,3.75,5,4,3,5,4,4.2,1,0,1,1,0,1
158,SP9214,0,0,0,0,0,0,1,0,1,1,0,0.833333333,3.5,1,1,0,SP,0,1,0,0,0,1,1,0,1,1,regular,NA,4,4,4,2,3.5,4,3,3,2,4,3.2,4,2,2,4,3,5,4,3,5,4,4.2,1,1,1,0,1,1
159,SP7162,0,0,0,0,0,1,0,0,1,0,0,0.666666667,4.888888889,1,1,0,SP,0,0,0,0,0,0,1,0,0,0,regular,3,5,5,4,5,4.75,5,5,5,5,5,5,5,5,5,5,5,5,5,4,5,5,4.8,1,1,1,0,1,0
160,SP5816,0,1,0,0,0,1,0,0,1,0,0,0.666666667,4.277777778,0,1,0,SP,0,1,0,0,0,0,1,0,0,0,regular,1,5,4,4,5,4.5,4,5,5,5,4,4.6,5,5,4,4,4.5,4,3,3,6,2,3.6,1,0,1,1,0,1
161,SP2497,0,0,0,1,0,0,0,0,0,1,0,0.833333333,3.666666667,1,0,0,SP,1,0,1,0,0,0,0,0,0,0,regular,1,5,5,3,4,4.25,3,4,4,4,3,3.6,3,3,3,2,2.75,3,5,4,3,5,4,1,1,1,1,0,1
162,SP3267,0,0,1,0,0,0,0,0,0,1,0,0.833333333,4,1,1,0,SP,0,1,0,1,1,1,1,0,0,1,regular,NA,4,4,4,3,3.75,4,4,5,3,4,4,4,4,4,4,4,4,4,4,5,4,4.2,1,1,1,1,0,1
163,SP6363,1,0,0,0,0,1,0,0,0,0,1,1,4.388888889,1,1,0,SP,0,0,0,0,0,0,0,0,0,0,regular,2.3,5,5,4,4,4.5,4,4,5,4,4,4.2,4,4,5,4,4.25,5,5,4,5,4,4.6,1,1,1,1,1,1
164,SP8053,0,0,0,0,0,1,0,0,1,0,0,0.666666667,2.722222222,0,0,0,SP,0,1,1,1,0,0,0,0,0,0,regular,0,5,4,2,2,3.25,2,2,2,1,3,2,4,2,2,5,3.25,3,3,2,3,2,2.6,1,1,1,0,1,0
165,SP5010,0,0,0,0,0,1,0,0,1,1,0,0.5,3.833333333,1,1,0,SP,0,0,0,0,0,0,1,0,0,0,regular,3.7,5,5,4,3,4.25,5,4,4,4,3,4,4,3,3,4,3.5,3,3,4,5,3,3.6,1,1,0,0,0,1
166,SP8436,0,0,1,0,0,0,0,0,0,0,1,0.5,3.722222222,1,1,0,SP,0,0,0,1,0,0,0,1,0,0,regular,3,5,4,5,4,4.5,3,3,4,2,2,2.8,4,3,4,5,4,5,2,4,5,3,3.8,0,1,1,1,0,0
167,SP0223,0,1,1,0,0,0,0,0,0,1,0,0.666666667,3.666666667,0,0,0,SP,1,1,0,0,1,0,0,0,0,1,regular,NA,4,4,2,4,3.5,2,3,4,4,4,3.4,5,4,4,4,4.25,4,4,4,5,1,3.6,1,1,1,1,0,0
168,SP7138,0,1,0,0,0,0,1,0,0,1,0,0.5,4.444444444,1,1,0,SP,1,0,0,0,0,0,1,0,0,1,regular,NA,5,5,4,4,4.5,4,4,5,4,3,4,5,5,5,4,4.75,5,4,4,5,5,4.6,1,1,1,0,0,0
169,SP1993,0,1,0,0,0,0,1,0,0,1,0,0.5,4.055555556,1,1,0,SP,0,0,1,0,1,0,0,1,0,0,regular,0,4,5,5,2,4,5,5,5,3,4,4.4,5,2,4,4,3.75,5,3,4,5,3,4,1,0,0,1,1,0
170,SP4965,0,1,0,0,0,1,0,0,1,1,0,1,4.055555556,1,1,0,SP,0,0,0,0,0,0,0,0,0,0,regular,4,5,5,4,4,4.5,3,4,4,4,4,3.8,4,4,5,3,4,5,3,3,5,4,4,1,1,1,1,1,1
171,SP9640,0,0,0,0,0,1,0,0,1,1,0,0.5,4.833333333,1,1,0,SP,0,0,1,0,0,0,0,0,0,0,regular,2.3,6,6,6,5,5.75,6,6,6,1,6,5,6,1,1,6,3.5,6,6,1,6,6,5,1,0,0,0,1,1
172,SP5266,0,0,1,1,0,0,0,0,1,0,0,0.833333333,4.5,1,1,0,SP,1,1,0,1,0,0,1,0,0,0,regular,4,5,5,5,4,4.75,5,5,5,4,5,4.8,5,5,3,5,4.5,6,3,2,6,3,4,1,1,1,1,0,1
173,SP1710,0,1,0,0,0,1,0,0,0,1,0,1,5.444444444,1,1,0,SP,0,1,0,0,1,0,0,0,0,1,regular,NA,6,6,6,2,5,6,6,6,6,4,5.6,6,5,4,6,5.25,6,6,6,6,5,5.8,1,1,1,1,1,1
174,SP8940,0,0,0,1,0,0,0,0,0,0,1,0.666666667,4.222222222,1,1,0,SP,0,0,0,0,1,0,1,0,1,0,regular,2.7,6,6,3,4,4.75,5,5,5,3,4,4.4,5,4,3,2,3.5,4,5,3,5,4,4.2,0,1,1,1,0,1
175,SP1279,0,0,1,0,0,1,0,0,1,0,0,0.666666667,4.055555556,1,0,0,SP,0,0,1,0,0,0,1,0,0,1,regular,NA,5,5,4,5,4.75,4,3,4,3,4,3.6,4,4,5,4,4.25,5,4,3,4,3,3.8,0,1,1,0,1,1
176,SP7902,0,0,0,0,1,0,0,0,1,0,0,0.833333333,4.222222222,1,0,0,SP,0,0,0,0,0,0,1,0,0,0,regular,3,4,5,3,3,3.75,4,4,4,5,4,4.2,4,5,4,3,4,5,5,5,5,4,4.8,1,1,1,1,0,1
177,SP0688,0,1,0,0,0,1,1,0,0,1,0,1,4.222222222,0,1,0,SP,1,0,1,0,0,0,0,0,0,0,regular,4,6,5,4,2,4.25,4,4,4,4,4,4,4,4,5,4,4.25,5,5,5,5,2,4.4,1,1,1,1,1,1
178,SP6732,0,0,1,0,0,0,0,0,1,1,0,1,3.5,1,1,0,SP,0,1,0,0,0,1,1,0,1,1,regular,NA,6,5,5,2,4.5,5,4,3,2,5,3.8,2,2,2,4,2.5,4,4,2,4,2,3.2,1,1,1,1,1,1
179,SP9345,1,0,0,0,0,1,0,0,1,1,0,0.5,4.166666667,1,1,0,SP,0,1,0,0,0,1,1,1,0,0,regular,2.7,5,5,5,3,4.5,4,5,5,3,4,4.2,5,3,3,4,3.75,4,3,4,6,4,4.2,0,1,0,1,0,1
180,SP6054,1,0,1,0,0,0,0,0,0,1,0,0.666666667,4.166666667,1,0,0,SP,0,0,0,0,0,0,0,1,0,0,regular,2.3,5,5,5,4,4.75,5,5,5,4,4,4.6,5,2,4,5,4,4,4,3,4,2,3.4,0,0,1,1,1,1
181,SP3129,0,0,0,0,1,0,0,0,0,1,0,1,4.555555556,1,1,0,SP,0,1,0,0,1,1,1,0,1,0,regular,3,5,4,5,4,4.5,5,5,5,4,4,4.6,5,4,3,6,4.5,5,4,4,5,5,4.6,1,1,1,1,1,1
182,SP5582,0,1,0,0,0,1,0,0,1,0,0,0.666666667,4.277777778,1,1,0,SP,1,0,0,0,0,0,0,0,0,0,regular,2,5,5,4,3,4.25,4,4,4,5,4,4.2,5,6,3,5,4.75,5,2,3,5,5,4,0,1,1,0,1,1
183,SP0971,0,0,0,0,0,0,0,0,0,0,1,0.666666667,3.666666667,1,0,0,SP,0,0,0,0,0,0,0,1,0,0,regular,0,5,5,3,3,4,3,4,4,4,3,3.6,3,4,3,4,3.5,4,3,3,5,3,3.6,1,1,1,1,0,0
184,SP9915,0,0,0,0,0,0,0,0,1,1,0,0,4.333333333,0,0,0,SP,1,0,0,0,0,0,1,0,0,0,regular,0,5,5,4,5,4.75,5,4,5,3,4,4.2,6,5,5,5,5.25,4,5,1,5,2,3.4,0,0,0,0,0,0
185,SP0229,0,0,0,0,0,0,1,0,0,1,1,0.333333333,4.055555556,0,1,0,SP,0,1,0,0,0,0,0,0,1,0,regular,0,4,5,4,3,4,4,4,5,2,5,4,4,3,3,5,3.75,5,6,1,5,5,4.4,0,1,1,0,0,0
186,SA2537,0,1,0,0,1,0,0,0,0,1,0,1,5.388888889,1,1,0,SA,0,1,0,0,0,0,1,0,0,0,regular,2,6,6,6,1,4.75,6,6,6,6,6,6,6,6,6,5,5.75,4,6,3,6,6,5,1,1,1,1,1,1
187,SA9471,0,0,0,0,0,0,1,0,0,1,0,1,4.722222222,1,1,0,SA,0,0,0,0,0,0,1,0,0,0,regular,4,5,5,5,5,5,4,4,5,5,4,4.4,4,5,5,4,4.5,5,5,5,5,5,5,1,1,1,1,1,1
188,SA4267,0,1,0,0,0,1,0,0,0,1,0,0.833333333,5.222222222,1,1,0,SA,1,0,0,0,0,0,0,0,0,0,regular,4,6,6,6,3,5.25,6,6,6,5,6,5.8,6,4,2,6,4.5,6,6,4,6,4,5.2,0,1,1,1,1,1
189,SA4693,0,1,1,0,0,0,0,0,1,0,0,1,4.666666667,1,1,0,SA,1,0,0,0,0,0,0,0,0,0,regular,3,5,5,5,5,5,5,5,5,5,5,5,5,2,5,3,3.75,5,5,5,4,5,4.8,1,1,1,1,1,1
190,SA0822,0,0,0,0,0,0,0,0,0,0,0,0.666666667,3.611111111,0,1,0,SA,1,0,0,0,0,0,1,0,0,0,regular,3.3,5,4,3,3,3.75,3,3,3,3,3,3,4,4,4,4,4,4,3,4,4,4,3.8,0,1,1,1,1,0
191,SA0445,0,0,0,0,0,1,0,0,0,0,0,0.833333333,3.055555556,1,1,0,SA,0,1,0,1,0,0,0,0,1,0,regular,4,4,4,3,3,3.5,2,4,2,1,4,2.6,4,4,3,2,3.25,3,2,3,4,3,3,0,1,1,1,1,1
192,SA8619,0,0,0,0,1,0,0,0,0,1,0,0.833333333,4,1,1,0,SA,1,0,0,0,0,1,0,1,0,0,regular,2,5,5,4,2,4,4,4,4,3,4,3.8,5,3,3,3,3.5,5,4,4,5,5,4.6,1,1,1,1,0,1
193,SA5025,0,1,0,0,0,1,0,0,1,0,0,0.833333333,4.388888889,1,1,0,SA,1,0,0,0,0,0,0,0,0,0,regular,4,5,5,5,4,4.75,5,5,5,5,3,4.6,5,5,4,5,4.75,5,5,2,5,1,3.6,1,1,1,1,1,0
194,SA0045,0,0,1,0,0,0,0,0,0,1,0,0.333333333,4.555555556,1,1,0,SA,0,0,0,0,0,0,1,0,0,0,regular,3.7,6,5,5,5,5.25,5,4,4,4,4,4.2,5,5,4,5,4.75,4,4,3,5,5,4.2,1,0,1,0,0,0
195,SA3057,1,0,1,0,0,0,0,0,0,1,1,0.666666667,3.777777778,0,0,0,SA,1,1,0,0,0,1,0,0,1,0,regular,3.3,5,5,3,5,4.5,4,5,5,3,3,4,3,3,3,3,3,5,4,1,6,2,3.6,0,1,1,0,1,1
196,SA0515,0,0,0,1,0,0,0,0,0,0,0,0.666666667,3.944444444,1,0,0,SA,0,0,0,0,0,0,1,1,0,0,regular,0,5,4,3,4,4,4,5,5,3,4,4.2,4,3,3,4,3.5,4,4,4,3,5,4,0,1,1,1,0,1
197,SA8601,0,0,0,0,0,1,0,0,1,0,0,0.5,4.722222222,1,1,0,SA,0,0,0,0,0,0,0,1,0,0,regular,0,3,5,5,5,4.5,5,5,5,5,5,5,5,4,4,4,4.25,5,5,4,6,5,5,0,1,1,0,0,1
198,SA2867,0,0,1,0,0,0,0,0,0,0,0,0.666666667,3.444444444,1,1,0,SA,1,1,0,1,0,0,0,0,0,0,regular,4,4,4,4,2,3.5,2,4,4,2,4,3.2,4,3,2,4,3.25,4,3,2,5,5,3.8,1,0,1,0,1,1
199,SA6223,0,0,0,0,0,1,0,0,1,1,1,0.833333333,3.833333333,1,1,0,SA,0,0,0,0,0,0,1,1,0,0,regular,4,5,5,4,3,4.25,5,5,4,3,4,4.2,4,3,3,3,3.25,4,4,2,5,3,3.6,1,1,1,1,1,0
200,SA2642,0,1,1,0,0,0,0,0,1,1,0,0.666666667,3.388888889,0,1,0,SA,0,0,0,0,1,0,0,0,0,0,regular,2.3,5,5,4,2,4,2,4,5,1,1,2.6,5,3,1,4,3.25,5,1,6,2,5,3.8,1,1,1,1,0,0
201,SA5428,0,1,0,0,0,1,0,0,1,1,0,1,4.333333333,1,1,0,SA,0,0,0,0,0,0,0,0,0,0,regular,4,5,5,4,4,4.5,4,5,6,4,3,4.4,4,4,4,4,4,5,4,4,5,4,4.4,1,1,1,1,1,1
202,SA5222,0,0,0,1,0,0,0,0,1,1,0,0.333333333,3.166666667,0,1,0,SA,0,0,0,1,1,0,1,1,0,1,regular,NA,4,3,5,4,4,3,3,2,2,4,2.8,3,3,2,3,2.75,5,3,2,4,2,3.2,0,1,0,1,0,0
203,SA4790,0,0,0,0,0,1,0,0,1,1,0,0.666666667,3.666666667,1,1,0,SA,0,0,0,0,0,1,1,0,0,0,regular,4,5,4,3,3,3.75,2,3,4,4,3,3.2,4,5,4,5,4.5,4,2,3,5,3,3.4,0,1,1,1,1,0
204,SA4194,1,1,0,0,1,0,0,0,0,1,1,1,5.444444444,1,1,0,SA,1,0,0,0,0,0,1,0,0,0,regular,4,5,5,5,5,5,5,5,6,6,5,5.4,5,6,6,5,5.5,6,6,6,6,5,5.8,1,1,1,1,1,1
205,SA6934,1,1,0,0,0,1,0,0,0,0,0,0.833333333,4.666666667,1,1,0,SA,0,0,0,0,0,0,0,0,1,0,regular,4,6,5,4,5,5,5,4,5,5,4,4.6,5,5,3,6,4.75,4,5,3,6,4,4.4,0,1,1,1,1,1
206,SA5774,1,0,0,0,1,0,0,0,0,1,0,0.833333333,4.444444444,1,1,0,SA,0,0,0,0,0,1,0,0,0,0,regular,4,5,4,5,3,4.25,5,4,4,3,4,4,4,5,5,5,4.75,5,5,5,5,4,4.8,1,1,1,1,1,0
207,SA1921,1,1,0,0,0,1,0,0,0,1,1,0.833333333,5.055555556,1,0,0,SA,0,1,1,1,0,0,0,1,0,0,regular,4,6,6,4,5,5.25,5,5,5,5,5,5,5,5,5,3,4.5,6,5,5,6,5,5.4,1,1,1,1,0,1
208,SA4299,0,1,0,0,1,0,0,0,0,1,0,0.833333333,4.055555556,0,1,0,SA,0,0,0,0,0,0,1,0,0,0,regular,0,5,5,4,4,4.5,4,4,4,4,3,3.8,4,4,4,4,4,4,5,2,5,4,4,1,1,1,1,0,1
209,SA0145,0,0,0,0,1,0,0,0,1,1,0,0.833333333,4.444444444,1,1,0,SA,0,0,1,0,0,0,1,0,1,0,regular,4,5,5,4,3,4.25,5,5,5,3,4,4.4,4,4,4,4,4,5,5,5,5,5,5,1,0,1,1,1,1
210,SA5837,0,1,0,0,0,1,0,0,1,1,0,0.833333333,4.277777778,1,1,0,SA,0,0,0,0,0,0,0,0,0,0,regular,4,5,5,5,4,4.75,4,4,4,4,4,4,4,5,4,4,4.25,4,4,4,5,4,4.2,1,1,1,0,1,1
211,SA1840,1,0,1,0,0,0,0,0,0,1,1,0.833333333,4.222222222,1,1,0,SA,0,1,0,0,0,1,0,0,1,0,regular,4,4,5,4,4,4.25,5,4,5,4,4,4.4,4,4,4,4,4,5,5,3,5,3,4.2,1,0,1,1,1,1
212,SA5761,0,0,0,0,0,1,0,0,0,0,0,1,3.833333333,1,1,0,SA,0,0,0,0,0,0,1,0,0,0,regular,4,5,5,4,3,4.25,4,4,5,3,4,4,4,3,3,4,3.5,4,4,3,4,3,3.6,1,1,1,1,1,1
213,SA1992,0,1,0,0,0,1,0,0,1,0,0,1,6,1,1,0,SA,0,0,0,0,0,0,1,0,0,0,regular,4,6,6,6,6,6,6,6,6,6,6,6,6,6,6,6,6,6,6,6,6,6,6,1,1,1,1,1,1
214,SA2413,0,0,0,0,0,0,0,0,1,1,0,0.666666667,4.833333333,1,1,0,SA,0,0,0,0,0,0,0,1,0,0,regular,1,4,4,5,5,4.5,6,5,5,5,6,5.4,6,2,5,5,4.5,6,4,3,6,5,4.8,1,1,1,1,0,0
215,SA1940,0,0,0,0,0,1,0,0,0,0,0,0.666666667,3.444444444,0,0,0,SA,0,0,1,1,0,0,1,0,0,1,regular,NA,5,5,3,3,4,4,3,3,3,5,3.6,2,5,2,4,3.25,2,4,2,6,1,3,1,0,1,1,0,1
216,SA2656,0,1,0,0,0,1,0,0,0,1,1,0.833333333,5.388888889,1,0,0,SA,0,0,0,0,0,0,1,0,1,0,regular,4,6,6,6,6,6,4,5,6,5,5,5,5,4,4,5,4.5,6,6,6,6,6,6,1,1,1,1,1,0
217,SA5422,0,1,1,0,0,0,0,0,1,0,0,1,3.555555556,1,0,0,SA,0,0,0,0,0,0,0,0,0,0,regular,4,4,3,3,4,3.5,3,3,4,4,2,3.2,3,3,5,3,3.5,4,4,4,5,3,4,1,1,1,1,1,1
218,SA4210,0,1,1,0,0,0,0,0,1,0,0,1,4.222222222,1,1,0,SA,1,0,0,0,0,0,0,1,0,0,regular,2.7,6,5,6,3,5,5,5,5,5,4,4.8,5,3,3,4,3.75,5,4,2,4,2,3.4,1,1,1,1,1,1
219,SA9749,1,1,0,0,0,1,0,1,1,1,0,1,4.944444444,1,1,0,SA,0,1,1,0,0,0,0,0,0,0,regular,4,5,5,5,5,5,6,6,5,6,5,5.6,4,3,4,5,4,5,6,5,5,4,5,1,1,1,1,1,1
220,SA8899,0,0,0,0,0,1,0,0,1,0,0,1,4.277777778,1,0,0,SA,0,0,0,0,0,1,1,0,0,0,regular,4,6,5,5,4,5,4,4,5,3,4,4,5,3,4,4,4,4,4,3,5,5,4.2,1,1,1,1,1,1
221,SA0111,0,1,0,0,0,1,0,0,1,0,0,1,4.5,1,1,0,SA,0,1,0,0,0,0,1,0,0,0,regular,4,5,5,4,5,4.75,4,5,4,5,4,4.4,3,3,5,6,4.25,6,5,2,6,4,4.6,1,1,1,1,1,1
222,SA7345,0,0,0,0,0,1,0,0,1,1,0,0.333333333,5.388888889,1,1,0,SA,0,0,0,0,0,0,1,0,0,0,regular,0,6,6,6,4,5.5,6,6,6,4,3,5,6,5,5,5,5.25,6,6,5,6,6,5.8,0,1,1,0,0,0
223,SA6680,0,0,1,0,0,0,0,0,1,0,1,0.833333333,4.166666667,1,1,0,SA,0,1,0,0,0,1,1,0,0,1,regular,NA,4,4,4,4,4,4,4,3,3,4,3.6,5,5,5,5,5,4,5,3,5,4,4.2,1,1,1,1,1,0
224,SA4820,1,0,0,0,0,1,0,0,1,0,0,1,5.166666667,1,1,0,SA,0,0,0,0,0,0,0,0,0,0,regular,4,6,6,6,5,5.75,4,4,4,5,4,4.2,5,5,5,5,5,6,6,5,6,6,5.8,1,1,1,1,1,1
225,SA7875,1,0,1,0,0,1,0,0,0,1,1,1,5.666666667,1,1,0,SA,0,0,0,0,0,0,0,0,0,0,regular,4,6,6,6,6,6,5,5,5,5,5,5,6,6,6,6,6,6,6,5,6,6,5.8,1,1,1,1,1,1
226,SA4514,0,1,0,0,0,1,0,0,1,1,0,0.666666667,4.5,1,1,0,SA,0,0,0,0,0,0,0,1,0,0,regular,4,6,6,5,4,5.25,4,3,4,4,5,4,6,5,5,6,5.5,2,3,4,6,3,3.6,1,1,1,0,0,1
227,SA1193,0,1,0,0,0,1,0,0,1,0,0,0.833333333,4,1,1,0,SA,1,0,0,0,0,0,0,1,0,0,regular,2.7,5,5,4,3,4.25,4,4,4,3,4,3.8,4,3,3,4,3.5,5,4,4,5,4,4.4,0,1,1,1,1,1
228,SA7567,1,0,0,1,0,0,0,0,0,0,1,0.833333333,4.222222222,1,1,0,SA,0,1,0,0,0,1,1,0,0,0,regular,4,6,4,4,3,4.25,1,3,3,3,1,2.2,4,5,5,4,4.5,6,6,6,6,6,6,0,1,1,1,1,1
229,SA2762,0,0,0,0,0,1,0,0,1,1,0,1,4.166666667,1,0,0,SA,1,0,0,1,1,0,1,0,0,0,regular,4,6,5,4,4,4.75,4,5,4,4,4,4.2,3,3,4,4,3.5,5,4,4,4,4,4.2,1,1,1,1,1,1
230,SA0775,0,0,0,0,1,0,0,0,0,1,0,0.666666667,3.388888889,1,1,0,SA,0,1,0,0,0,0,1,0,0,0,regular,3.7,4,5,5,1,3.75,5,5,4,1,3,3.6,4,3,2,3,3,4,3,2,3,4,3.2,1,1,1,0,0,1
231,SS0234,0,0,0,0,1,0,0,0,0,1,0,0.333333333,3.166666667,1,1,0,SS,0,0,0,0,0,0,0,0,0,0,jumbo,3,1,3,3,4,2.75,3,3,3,4,3,3.2,3,4,4,3,3.5,3,3,4,3,3,3.2,0,1,0,1,0,0
232,SS1963,0,1,0,0,0,0,0,1,0,1,1,1,4.055555556,1,1,0,SS,0,0,0,0,0,0,1,0,1,0,jumbo,4,6,4,4,3,4.25,4,4,5,4,3,4,4,5,3,3,3.75,5,4,3,6,3,4.2,1,1,1,1,1,1
233,SS2212,0,1,0,0,0,0,1,0,0,1,0,0.166666667,4,0,1,0,SS,0,0,0,0,0,0,1,0,0,0,jumbo,3.7,5,5,4,3,4.25,4,3,4,4,4,3.8,4,4,3,4,3.75,5,4,3,5,4,4.2,0,0,0,1,0,0
234,SS3375,0,1,0,0,1,0,0,0,1,1,0,1,4.388888889,1,1,0,SS,0,1,0,0,0,0,1,0,0,0,jumbo,4,5,5,4,3,4.25,5,5,5,4,4,4.6,5,4,5,4,4.5,4,4,4,5,4,4.2,1,1,1,1,1,1
235,SS2450,1,0,0,0,0,0,1,0,1,1,0,0.666666667,3.722222222,1,1,0,SS,0,1,0,0,1,0,1,0,0,0,jumbo,4,4,4,4,4,4,2,4,4,4,4,3.6,3,2,1,2,2,6,4,5,5,5,5,1,1,0,1,0,1
236,SS3713,0,1,0,0,0,0,1,0,1,1,0,1,2.888888889,1,1,0,SS,1,1,0,1,0,0,0,0,0,0,jumbo,3.7,4,2,1,1,2,5,5,5,3,2,4,2,1,1,2,1.5,4,5,2,5,2,3.6,1,1,1,1,1,1
237,SS4716,0,0,0,0,0,0,1,0,1,1,0,1,5.222222222,1,1,0,SS,1,0,0,0,0,0,0,0,0,0,jumbo,4,6,6,6,4,5.5,5,5,5,4,4,4.6,6,5,5,6,5.5,5,5,5,6,6,5.4,1,1,1,1,1,1
238,SS2088,0,1,0,1,0,0,0,0,1,0,0,0.833333333,4.111111111,0,0,0,SS,0,1,0,0,1,0,0,0,0,0,jumbo,2,5,4,5,5,4.75,5,2,3,4,4,3.6,5,4,5,4,4.5,5,3,4,5,2,3.8,1,0,1,1,1,1
239,SS5674,0,0,0,1,0,1,0,0,1,0,0,0.666666667,3.444444444,1,0,0,SS,0,0,0,0,1,0,1,0,0,0,jumbo,4,5,4,2,2,3.25,5,3,5,3,5,4.2,4,4,3,3,3.5,3,2,3,3,3,2.8,1,1,0,1,0,1
240,SS5691,0,1,0,0,0,1,1,0,1,0,0,1,4.888888889,1,1,0,SS,1,0,0,0,0,0,1,0,0,0,jumbo,4,6,6,5,5,5.5,6,5,3,3,3,4,6,6,4,6,5.5,5,5,5,5,4,4.8,1,1,1,1,1,1
241,SS2675,0,1,0,1,0,0,0,0,1,1,0,0.833333333,4.055555556,0,0,0,SS,0,1,1,0,0,0,1,0,0,0,jumbo,4,5,5,4,4,4.5,4,5,4,4,3,4,4,5,3,4,4,5,3,3,5,3,3.8,1,1,1,1,1,0
242,SS8876,0,1,0,0,0,1,0,0,0,0,0,0.166666667,4.222222222,1,1,0,SS,1,0,0,0,0,0,0,0,1,0,jumbo,3,5,5,4,3,4.25,5,4,4,3,5,4.2,4,3,3,4,3.5,5,5,3,6,5,4.8,0,0,0,1,0,0
243,SS9256,0,0,0,1,0,0,0,0,0,1,0,0.666666667,4.055555556,1,1,0,SS,0,0,1,0,0,0,0,0,0,0,jumbo,4,6,6,5,5,5.5,3,3,3,2,3,2.8,5,3,3,4,3.75,5,4,3,6,4,4.4,1,1,1,0,1,0
244,SS3156,0,1,0,1,0,0,0,0,0,0,0,0.166666667,4.277777778,1,1,0,SS,0,0,0,0,0,0,1,0,0,0,jumbo,2.3,5,4,4,4,4.25,3,4,5,3,5,4,5,4,4,5,4.5,5,5,3,5,4,4.4,0,0,1,0,0,0
245,SS7868,0,0,0,1,0,0,0,0,0,0,1,1,4.555555556,1,1,0,SS,0,0,1,0,0,1,1,0,0,0,jumbo,4,5,4,4,5,4.5,4,5,4,3,5,4.2,5,5,5,5,5,5,4,4,6,4,4.6,1,1,1,1,1,1
246,SS3233,0,1,0,1,0,0,0,0,0,1,0,0.833333333,5,1,0,0,SS,0,0,1,0,0,0,0,0,0,0,jumbo,2,5,5,5,5,5,5,5,5,5,5,5,5,5,5,5,5,5,5,5,5,5,5,1,0,1,1,1,1
247,SS2979,1,0,1,0,0,0,0,0,0,0,1,0.5,3.888888889,1,1,0,SS,0,1,0,0,0,1,0,0,0,1,jumbo,NA,5,4,5,5,4.75,4,4,4,3,2,3.4,6,5,4,3,4.5,5,2,2,5,2,3.2,1,0,1,1,0,0
248,SS1157,1,1,0,0,1,0,0,0,1,1,0,0.833333333,5.111111111,1,1,0,SS,0,1,0,0,0,1,0,1,0,0,jumbo,4,6,5,4,5,5,4,6,5,6,3,4.8,6,6,5,4,5.25,6,4,6,5,6,5.4,1,1,1,1,0,1
249,SS1608,1,0,0,0,0,0,0,0,0,1,0,0.166666667,3.5,1,1,0,SS,0,0,0,0,0,0,0,0,0,0,jumbo,4,4,4,4,4,4,3,3,3,4,3,3.2,3,3,4,3,3.25,4,3,4,4,3,3.6,0,1,0,0,0,0
250,SS4792,0,1,0,0,0,0,0,0,1,0,0,0.833333333,4.333333333,1,1,0,SS,1,1,0,0,0,0,0,1,0,0,jumbo,3.7,5,5,4,5,4.75,5,5,5,5,4,4.8,4,4,4,4,4,4,4,3,5,3,3.8,1,1,1,0,1,1
251,SS9777,0,1,0,0,0,1,0,0,0,1,0,0.5,3.777777778,1,1,0,SS,0,1,0,0,0,0,0,0,1,0,jumbo,4,5,4,5,3,4.25,5,4,3,4,3,3.8,5,3,3,5,4,5,2,5,2,2,3.2,1,0,1,0,0,1
252,SS8385,0,0,0,0,0,1,0,0,0,0,0,1,3.722222222,0,1,0,SS,1,1,0,0,0,0,0,0,0,0,jumbo,4,4,4,4,3,3.75,3,4,4,3,3,3.4,4,3,4,4,3.75,4,4,4,4,4,4,1,1,1,1,1,1
253,SS3185,0,1,0,0,0,1,0,0,1,0,0,0.833333333,3.777777778,1,1,0,SS,0,0,0,0,0,0,0,1,0,0,jumbo,4,6,5,4,4,4.75,4,2,4,3,2,3,5,5,4,5,4.75,3,2,2,5,3,3,1,1,1,1,0,1
254,SS8714,0,1,1,0,0,0,0,1,1,0,0,0.833333333,4.833333333,1,1,0,SS,1,0,0,1,0,0,0,1,1,0,jumbo,3.3,6,6,4,5,5.25,5,5,5,4,4,4.6,5,5,4,4,4.5,5,5,5,5,5,5,1,1,1,1,1,0
255,SS2562,0,0,0,0,0,0,0,1,1,0,1,0.5,3.666666667,0,1,0,SS,0,1,0,0,0,0,1,0,0,0,jumbo,3.7,5,4,4,3,4,4,4,4,3,3,3.6,4,3,3,4,3.5,4,4,3,4,3,3.6,0,1,1,0,0,1
256,SS0263,0,1,1,0,0,0,0,0,0,1,0,0.666666667,3.333333333,1,1,0,SS,0,1,0,0,0,0,1,0,0,0,jumbo,4,4,4,3,4,3.75,3,4,4,4,2,3.4,3,2,3,4,3,4,2,3,4,3,3.2,1,1,0,0,1,1
257,SS9760,1,0,0,0,0,0,0,1,1,1,0,1,3.666666667,1,0,0,SS,1,1,0,0,0,0,0,0,0,0,jumbo,4,5,5,5,5,5,4,4,3,3,3,3.4,3,3,3,4,3.25,4,2,3,4,3,3.2,1,1,1,1,1,1
258,SS2751,0,0,1,0,0,0,0,0,1,1,0,0.5,5.055555556,0,0,0,SS,1,0,0,1,1,0,1,1,0,0,jumbo,3.7,6,6,6,5,5.75,5,5,6,2,4,4.4,6,5,5,5,5.25,6,5,3,6,5,5,0,1,1,0,0,1
259,SS7048,0,0,0,1,0,0,0,0,1,0,1,0.333333333,4.555555556,1,1,0,SS,0,0,0,0,0,0,1,0,0,0,jumbo,2.3,5,6,6,1,4.5,6,5,6,2,6,5,6,2,2,6,4,5,6,1,6,5,4.6,0,0,0,1,0,1
260,SS3369,0,1,0,0,0,0,0,0,0,0,1,0.833333333,3.888888889,1,1,0,SS,0,0,0,0,0,0,1,0,0,0,jumbo,4,5,5,5,2,4.25,4,4,4,3,4,3.8,4,3,3,5,3.75,5,4,2,4,4,3.8,1,1,1,1,0,1
261,SS8976,0,1,0,0,0,0,1,0,1,1,0,0.666666667,4.388888889,1,1,0,SS,0,0,0,0,0,0,1,0,0,0,jumbo,2,6,5,4,4,4.75,5,3,5,5,5,4.6,4,4,4,5,4.25,5,5,3,5,2,4,1,0,1,1,0,1
262,SS0099,1,1,0,1,0,0,0,0,1,1,0,0.833333333,4.277777778,1,1,0,SS,1,0,1,0,0,0,0,1,0,0,jumbo,4,5,4,5,5,4.75,4,5,5,3,4,4.2,5,3,4,5,4.25,5,4,4,6,1,4,1,1,1,1,1,0
263,SS3867,0,1,0,0,0,1,0,0,0,0,1,0.666666667,4.611111111,1,1,0,SS,0,0,0,0,1,0,0,0,0,0,jumbo,1,5,5,5,2,4.25,4,5,5,5,3,4.4,5,5,5,4,4.75,6,5,5,5,4,5,1,0,1,1,0,1
264,SS3523,0,0,1,0,0,0,0,0,0,1,0,0.333333333,3.388888889,1,1,0,SS,0,0,0,0,0,0,1,1,0,1,jumbo,NA,3,3,3,3,3,3,4,4,4,4,3.8,4,3,3,3,3.25,4,4,3,4,2,3.4,0,0,1,0,0,1
265,SS3291,0,1,1,0,0,0,0,0,1,1,0,0.333333333,4.166666667,0,1,0,SS,0,0,0,1,0,0,1,0,0,1,jumbo,NA,6,5,5,2,4.5,6,5,5,1,5,4.4,5,3,3,3,3.5,3,4,2,6,6,4.2,1,0,0,1,0,0
266,SS2442,0,0,0,1,0,0,0,0,1,0,0,0.166666667,3.888888889,0,1,0,SS,0,0,0,0,0,0,1,0,0,0,jumbo,2.7,5,4,3,4,4,5,3,4,4,5,4.2,5,2,2,5,3.5,4,4,3,4,4,3.8,0,0,0,1,0,0
267,SS9741,0,0,0,0,0,1,0,0,0,1,0,0.666666667,6,1,1,0,SS,0,0,0,0,0,0,1,0,1,0,jumbo,4,6,6,6,6,6,6,6,6,6,6,6,6,6,6,6,6,6,6,6,6,6,6,0,1,1,1,0,1
268,SS8397,0,1,0,0,0,0,1,0,0,0,0,1,3.555555556,1,1,0,SS,0,0,0,0,0,0,1,0,0,0,jumbo,0,4,4,4,2,3.5,4,5,5,4,3,4.2,3,3,4,4,3.5,3,3,2,5,2,3,1,1,1,1,1,1
269,SS4934,0,0,0,1,0,0,0,0,0,1,0,0.5,3.722222222,1,1,0,SS,0,0,0,0,0,0,1,1,1,1,jumbo,NA,5,4,3,3,3.75,3,3,4,4,4,3.6,4,4,3,4,3.75,4,4,2,5,4,3.8,1,1,0,1,0,0
270,SS9816,0,1,0,0,0,0,1,0,1,1,0,0.666666667,4.333333333,1,1,0,SS,0,0,0,0,0,0,1,0,1,0,jumbo,3.3,6,6,6,3,5.25,4,5,5,4,5,4.6,6,4,2,4,4,5,4,4,1,4,3.6,1,1,1,0,0,1
271,SS0051,0,0,0,0,0,1,0,0,1,0,0,0.5,4.277777778,1,1,0,SS,0,1,1,0,0,0,1,0,0,0,jumbo,2.3,5,4,4,4,4.25,4,5,5,4,4,4.4,4,4,3,4,3.75,5,5,3,5,5,4.6,1,0,0,0,1,1
272,SS2492,0,0,0,0,0,0,0,0,1,0,1,0.666666667,4.944444444,1,1,0,SS,0,0,1,0,0,0,0,0,0,0,jumbo,1,6,6,5,4,5.25,6,6,6,4,6,5.6,5,4,4,5,4.5,5,5,4,3,5,4.4,1,0,1,1,0,1
273,SS1646,0,0,0,1,0,0,0,0,1,1,0,0.333333333,2.777777778,0,1,0,SS,0,1,0,0,0,0,1,0,0,0,jumbo,3,3,2,1,4,2.5,3,2,4,3,2,2.8,4,3,4,4,3.75,1,1,2,6,1,2.2,1,0,1,0,0,0
274,SS9790,0,0,0,1,0,0,0,0,0,1,0,0.833333333,3.666666667,1,0,0,SS,0,1,0,0,0,0,1,1,1,0,jumbo,0,5,5,4,3,4.25,4,2,3,2,3,2.8,4,4,4,4,4,4,3,2,5,5,3.8,1,1,1,1,1,0
275,SS8674,0,0,0,0,1,0,0,0,0,1,0,0.666666667,4.055555556,1,1,0,SS,0,0,0,0,0,0,1,0,0,0,jumbo,3.7,4,5,4,4,4.25,3,3,4,3,5,3.6,5,4,5,4,4.5,4,4,4,5,3,4,0,1,1,0,1,1
276,SS3087,0,0,1,0,0,0,0,0,0,1,0,0.666666667,3.833333333,1,1,0,SS,0,1,1,0,1,0,1,1,0,1,jumbo,NA,5,5,6,2,4.5,4,2,3,4,2,3,4,4,3,4,3.75,6,3,3,5,4,4.2,1,1,1,0,0,1
277,SS9278,0,0,0,1,0,0,0,0,0,0,0,0.666666667,4.5,1,1,0,SS,0,1,1,1,0,0,0,0,0,0,jumbo,4,3,4,2,4,3.25,3,4,4,5,4,4,6,6,5,5,5.5,6,5,3,6,6,5.2,1,1,1,1,0,0
278,SS1149,0,0,0,0,0,1,0,0,0,0,1,0.5,4.222222222,1,1,0,SS,1,1,0,0,1,0,1,1,0,0,jumbo,4,4,4,4,4,4,3,4,3,4,3,3.4,4,5,5,4,4.5,5,4,4,6,6,5,0,0,0,1,1,1
279,SS0927,0,1,0,0,0,1,1,0,1,0,0,0.833333333,4.555555556,1,1,0,SS,0,1,1,1,0,0,0,0,0,0,jumbo,4,6,5,3,5,4.75,4,3,3,4,2,3.2,6,6,5,6,5.75,6,5,4,6,3,4.8,1,0,1,1,1,1
280,SS2810,0,0,1,0,0,0,0,0,0,1,0,0.5,3.777777778,1,1,0,SS,0,0,0,0,0,1,0,0,1,1,jumbo,NA,5,5,3,2,3.75,3,2,3,2,5,3,4,5,3,4,4,5,4,2,6,5,4.4,0,1,1,1,0,0
281,SS4519,1,0,0,0,1,0,0,0,0,1,0,1,3.944444444,1,1,0,SS,0,1,0,0,0,0,0,0,0,0,jumbo,4,5,4,4,4,4.25,3,4,4,4,3,3.6,4,4,4,4,4,5,4,3,5,3,4,1,1,1,1,1,1
282,SS3628,0,0,0,1,0,0,0,0,1,0,0,0.833333333,3.888888889,1,1,0,SS,1,0,0,0,0,0,0,1,0,0,jumbo,1,5,4,4,2,3.75,4,4,5,5,3,4.2,5,5,3,5,4.5,5,2,2,5,2,3.2,1,1,1,1,1,0
283,SS6515,0,0,0,0,0,0,0,0,0,1,0,0.166666667,3.166666667,0,0,0,SS,1,0,1,0,0,0,0,0,0,1,jumbo,NA,4,4,2,2,3,2,3,3,3,3,2.8,4,3,3,4,3.5,4,3,3,4,3,3.4,0,1,0,0,0,0
284,SS1218,1,0,0,0,1,0,0,0,0,1,0,1,5.555555556,1,1,0,SS,0,0,0,0,0,0,1,0,0,0,jumbo,4,6,6,5,6,5.75,5,6,6,5,6,5.6,6,6,6,6,6,5,6,4,6,4,5,1,1,1,1,1,1
285,SS4404,0,1,0,0,1,0,0,0,0,1,0,1,3.277777778,1,1,0,SS,0,0,0,0,0,0,1,0,0,0,jumbo,4,5,4,4,3,4,3,3,3,2,4,3,2,3,2,3,2.5,4,4,2,5,3,3.6,1,1,1,1,1,1
286,SS7932,0,0,1,0,0,0,0,0,0,1,0,0.333333333,3.277777778,0,0,0,SS,0,0,0,0,0,0,1,0,0,0,jumbo,3,3,4,4,1,3,3,2,2,3,4,2.8,4,3,3,4,3.5,5,4,2,4,4,3.8,0,1,1,0,0,0
287,SS6586,0,1,0,1,0,0,0,0,0,1,0,0.666666667,4.333333333,0,1,0,SS,1,0,0,0,1,0,1,0,0,1,jumbo,NA,5,5,3,3,4,5,5,5,3,4,4.4,5,4,4,4,4.25,4,4,4,6,5,4.6,1,0,1,1,1,0
288,SS8574,0,0,0,0,0,1,0,0,0,1,0,0.333333333,3.222222222,0,0,0,SS,0,1,0,0,0,0,1,0,0,0,jumbo,2.3,5,3,1,2,2.75,1,1,1,5,1,1.8,5,5,4,2,4,5,5,6,5,1,4.4,0,1,1,0,0,0
289,SS0966,0,1,0,0,0,1,0,0,1,0,0,0.5,4.944444444,1,1,0,SS,0,0,0,0,0,0,0,0,0,0,jumbo,4,6,6,4,6,5.5,4,3,5,4,5,4.2,6,6,3,6,5.25,6,6,1,6,6,5,0,1,1,1,0,0
290,SS4164,0,0,0,0,1,0,0,0,1,1,0,0.666666667,6,1,1,0,SS,0,0,0,0,0,0,0,0,0,0,jumbo,4,6,6,6,6,6,6,6,6,6,6,6,6,6,6,6,6,6,6,6,6,6,6,1,1,0,1,0,1
291,SS5479,0,1,0,0,0,0,1,0,1,1,0,0.166666667,4.444444444,1,1,0,SS,0,0,1,0,0,0,1,0,0,0,jumbo,4,4,5,4,2,3.75,5,5,5,5,5,5,5,4,4,4,4.25,5,5,4,4,5,4.6,0,0,1,0,0,0
292,SS6051,0,1,0,0,0,1,0,0,1,0,0,1,4,0,0,0,SS,0,0,0,0,1,0,0,0,0,0,jumbo,1,4,4,2,4,3.5,3,5,5,4,5,4.4,4,4,2,5,3.75,5,5,5,2,4,4.2,1,1,1,1,1,1
293,SS0533,0,0,0,0,0,1,0,0,1,1,0,1,3.777777778,1,1,0,SS,0,0,0,0,0,0,1,0,1,0,jumbo,4,4,4,5,3,4,4,4,4,2,4,3.6,4,3,3,4,3.5,4,4,5,5,2,4,1,1,1,1,1,1
294,SS7211,0,0,1,0,0,0,0,0,0,1,0,0.5,4.388888889,1,1,0,SS,1,1,1,0,1,0,1,0,1,1,jumbo,NA,6,6,6,3,5.25,3,3,3,5,4,3.6,4,3,4,4,3.75,5,5,5,5,5,5,0,1,0,1,1,0
295,SS3065,1,0,1,0,0,0,0,0,0,1,0,0.833333333,3.944444444,1,1,0,SS,0,1,0,1,0,0,0,0,0,0,jumbo,1,6,5,4,3,4.5,3,4,4,3,5,3.8,4,2,3,4,3.25,6,4,2,6,3,4.2,1,1,0,1,1,1
296,SS3473,0,0,0,0,0,1,0,0,0,0,0,0.833333333,4.888888889,1,0,0,SS,0,1,0,0,0,0,0,0,1,0,jumbo,4,5,5,4,5,4.75,5,5,5,5,3,4.6,5,5,5,5,5,5,5,5,6,5,5.2,1,1,0,1,1,1
297,SS3720,0,0,1,0,0,0,0,0,1,1,0,0.333333333,5.333333333,0,1,0,SS,0,0,0,0,0,0,0,1,0,0,jumbo,2,6,6,6,6,6,6,6,6,4,6,5.6,4,3,6,1,3.5,6,6,6,6,6,6,0,1,1,0,0,0
298,SS9765,0,1,0,1,0,0,0,0,1,0,0,0.5,3.944444444,0,1,0,SS,0,0,0,0,0,0,0,0,0,0,jumbo,2.7,5,5,4,5,4.75,2,3,5,3,5,3.6,5,2,3,4,3.5,5,5,2,4,4,4,0,1,1,1,0,0
299,SS9882,0,0,0,0,1,0,0,0,1,1,0,0.666666667,4.333333333,1,1,0,SS,0,0,0,1,0,0,0,1,0,0,jumbo,4,5,5,4,4,4.5,4,4,4,3,5,4,5,3,3,5,4,5,5,4,5,5,4.8,1,1,1,1,0,0
300,SS5544,0,1,0,0,0,0,1,0,0,1,0,0.5,4.833333333,1,1,0,SS,0,0,1,0,1,0,0,0,0,0,jumbo,4,5,6,5,3,4.75,4,4,3,3,4,3.6,5,6,5,5,5.25,6,6,5,6,6,5.8,0,1,1,1,0,0
301,SS2994,0,0,1,0,0,0,0,0,0,1,1,1,3.5,1,1,0,SS,0,0,0,0,0,1,0,0,1,1,jumbo,NA,4,4,4,3,3.75,3,4,4,3,4,3.6,3,3,3,3,3,4,3,4,4,3,3.6,1,1,1,1,1,1
302,SS6205,0,1,0,0,0,0,1,0,1,1,1,0.833333333,4.555555556,1,1,0,SS,1,0,0,0,0,0,0,0,0,0,jumbo,4,5,5,5,5,5,4,5,5,5,4,4.6,4,5,5,2,4,5,5,5,5,3,4.6,1,1,1,1,0,1
303,SS6912,0,0,1,0,0,0,0,0,0,1,0,0.833333333,3.944444444,1,0,0,SS,1,1,0,0,1,0,0,0,1,0,jumbo,2.7,5,4,4,2,3.75,4,5,4,3,3,3.8,4,1,1,4,2.5,5,6,5,5,6,5.4,1,1,1,1,1,0
304,SS3471,0,0,0,0,0,1,0,0,1,0,0,0.833333333,3.111111111,0,1,0,SS,0,0,0,0,1,0,1,1,1,0,jumbo,4,2,4,1,1,2,3,3,4,1,3,2.8,3,3,3,4,3.25,4,4,3,6,4,4.2,1,1,1,1,1,0
305,SS9288,0,1,1,0,0,0,0,0,0,1,1,0.666666667,3.833333333,0,1,0,SS,1,0,0,0,0,0,1,0,0,0,jumbo,2.7,4,4,4,4,4,3,4,3,5,3,3.6,4,4,4,4,4,4,4,4,4,3,3.8,1,1,1,1,0,0
306,SS1614,0,0,0,0,1,0,0,0,1,1,0,0.833333333,3.611111111,1,1,0,SS,1,0,0,0,0,0,0,0,1,0,jumbo,0,5,5,2,2,3.5,3,2,5,2,3,3,4,3,5,3,3.75,5,5,4,4,3,4.2,1,1,1,1,1,0
307,SS1751,0,1,0,1,0,0,0,0,0,0,0,0.333333333,4.444444444,0,1,0,SS,0,0,0,0,0,0,0,1,0,1,jumbo,NA,6,4,3,4,4.25,3,4,4,5,4,4,5,5,5,5,5,4,6,4,5,4,4.6,0,0,0,0,1,1
308,SS3972,0,1,0,1,0,0,0,0,0,1,0,0.5,3.444444444,1,1,0,SS,0,0,0,0,0,0,1,1,0,0,jumbo,2,4,4,4,1,3.25,3,4,4,2,4,3.4,3,3,3,4,3.25,4,4,3,4,4,3.8,0,1,0,0,1,1
309,SS8871,0,0,1,0,0,1,0,0,1,0,0,1,4.388888889,0,1,0,SS,0,1,0,1,1,0,1,0,1,1,jumbo,NA,6,5,4,5,5,5,4,4,4,4,4.2,5,5,3,3,4,6,3,3,6,4,4.4,1,1,1,1,1,1
310,SS2510,1,1,0,0,1,1,0,0,1,0,0,1,4.666666667,1,1,0,SS,0,1,0,0,0,0,1,0,1,0,jumbo,4,6,5,4,4,4.75,5,5,5,4,4,4.6,5,4,4,5,4.5,5,5,4,5,5,4.8,1,1,1,1,1,1
311,SS0190,0,0,0,0,0,1,0,0,0,1,0,0.833333333,5.222222222,1,1,0,SS,0,1,0,0,0,0,1,0,0,0,jumbo,4,6,6,6,5,5.75,6,6,6,5,4,5.4,5,5,5,5,5,6,5,4,5,4,4.8,1,1,1,1,1,0
312,SS4866,0,0,1,0,0,0,0,0,1,1,0,0.666666667,4.388888889,1,1,0,SS,0,0,0,0,0,0,0,0,0,1,jumbo,NA,5,5,5,4,4.75,4,4,5,4,5,4.4,5,5,5,5,5,5,3,2,5,3,3.6,1,1,0,1,1,0
313,SS2568,0,1,0,0,0,1,0,0,1,0,0,1,4.5,1,1,0,SS,0,0,0,0,1,1,1,0,0,0,jumbo,3.7,6,5,4,3,4.5,5,5,4,5,5,4.8,5,5,3,4,4.25,5,5,3,5,4,4.4,1,1,1,1,1,1
314,SS3316,0,0,1,0,0,1,0,0,0,1,0,0.833333333,3.777777778,1,0,0,SS,1,0,0,0,0,0,0,0,0,0,jumbo,3.7,5,5,4,3,4.25,4,4,3,3,3,3.4,3,4,4,4,3.75,4,4,3,5,3,3.8,1,1,1,1,0,1
315,SS4567,1,0,1,0,0,0,0,0,1,1,0,0.833333333,4.5,1,1,0,SS,0,1,0,0,0,1,0,1,0,0,jumbo,4,5,5,4,4,4.5,5,5,5,5,5,5,5,5,5,2,4.25,5,4,3,5,4,4.2,1,1,1,1,0,1
316,SS1609,0,1,0,0,1,0,0,0,1,0,0,1,4.555555556,1,1,0,SS,0,0,0,0,0,0,1,0,0,0,jumbo,0,6,5,4,2,4.25,5,6,5,5,4,5,6,6,5,4,5.25,5,3,4,5,2,3.8,1,1,1,1,1,1
317,SS9747,0,1,0,0,0,1,0,0,1,1,0,0.5,4.055555556,1,1,0,SS,0,0,0,0,0,0,1,0,0,0,jumbo,3.3,5,5,5,5,5,4,4,4,3,4,3.8,5,4,4,4,4.25,4,4,3,3,3,3.4,1,0,1,1,0,0
318,SS1123,0,0,0,0,1,0,0,0,0,1,0,1,3.611111111,1,1,0,SS,1,1,0,0,0,0,1,0,0,0,jumbo,4,3,4,3,3,3.25,4,4,4,3,4,3.8,3,4,3,4,3.5,4,4,4,4,3,3.8,1,1,1,1,1,1
319,SS3749,0,0,0,0,0,0,0,1,1,0,0,0.833333333,3.444444444,1,1,0,SS,0,0,0,0,0,0,0,1,0,0,jumbo,4,5,5,4,3,4.25,2,4,5,2,2,3,1,2,2,5,2.5,5,2,2,6,5,4,1,1,1,1,1,0
320,SS0658,0,0,1,0,0,0,0,0,0,0,0,0.166666667,3.666666667,1,0,0,SS,1,0,0,0,0,0,0,0,0,1,jumbo,NA,4,4,4,3,3.75,4,4,4,3,3,3.6,4,3,3,4,3.5,4,4,3,4,4,3.8,0,0,1,0,0,0
321,SS6743,0,0,1,0,0,0,0,0,0,1,0,0.833333333,3.944444444,1,1,0,SS,0,0,0,0,0,0,1,0,1,0,jumbo,4,4,5,4,5,4.5,4,3,3,3,3,3.2,4,4,4,4,4,5,4,2,5,5,4.2,1,1,1,1,1,0
322,SS3372,0,0,1,0,0,0,0,0,1,1,0,1,3.888888889,1,1,0,SS,0,1,0,0,0,0,1,1,0,0,jumbo,4,5,5,3,3,4,4,4,4,3,5,4,4,3,4,3,3.5,4,3,4,5,4,4,1,1,1,1,1,1
323,SS8860,0,0,0,0,1,0,0,0,0,1,0,0.833333333,3.166666667,1,1,0,SS,0,0,0,0,1,1,0,0,0,0,jumbo,4,4,5,4,1,3.5,3,3,3,3,3,3,4,3,3,3,3.25,5,2,2,5,1,3,1,0,1,1,1,1
324,SS1282,0,0,0,0,1,0,0,0,0,1,0,0.833333333,4.111111111,0,1,0,SS,0,1,0,0,0,0,0,0,1,0,jumbo,0,5,5,3,3,4,3,4,4,4,4,3.8,5,4,4,4,4.25,4,4,4,5,5,4.4,1,1,1,1,0,1
325,SS5147,0,1,0,0,0,1,0,0,1,1,0,0.5,5.166666667,1,1,0,SS,0,0,0,0,0,0,1,0,0,0,jumbo,4,5,5,5,4,4.75,5,5,5,5,5,5,5,5,5,5,5,6,6,5,6,6,5.8,1,0,1,1,0,0
326,SS6663,0,0,0,1,0,0,0,0,1,0,0,1,3.277777778,1,0,0,SS,0,1,0,1,0,0,1,0,0,1,jumbo,NA,5,5,4,1,3.75,2,3,3,3,2,2.6,2,3,4,4,3.25,5,4,3,4,2,3.6,1,1,1,1,1,1
327,SS4486,0,0,0,0,0,1,0,0,1,1,1,0.666666667,4.166666667,0,1,0,SS,0,1,0,0,0,0,1,0,0,0,jumbo,4,6,6,4,2,4.5,2,4,4,3,2,3,6,6,6,5,5.75,4,3,2,6,4,3.8,1,1,1,0,0,1
328,SS4907,0,1,0,0,0,1,0,0,0,0,1,0.5,3.055555556,1,1,0,SS,0,0,0,0,1,1,0,1,0,0,jumbo,1,5,3,3,2,3.25,4,2,1,2,3,2.4,5,4,4,4,4.25,4,1,1,6,1,2.6,1,1,1,0,0,0
329,SS9132,0,0,0,1,0,0,0,0,0,0,0,1,3.944444444,1,1,0,SS,0,0,0,0,0,0,1,0,0,1,jumbo,NA,5,5,4,3,4.25,4,4,4,3,4,3.8,4,3,3,4,3.5,5,4,3,5,4,4.2,1,1,1,1,1,1
330,SS9221,0,1,1,0,0,1,0,0,0,1,0,0.5,3.333333333,1,1,0,SS,1,1,0,0,0,0,0,0,1,1,jumbo,NA,2,5,2,2,2.75,4,4,5,3,3,3.8,4,2,4,3,3.25,4,4,2,4,3,3.4,1,1,1,0,0,0
331,SS8982,0,0,1,0,0,0,0,0,0,1,0,0.5,4.666666667,1,1,0,SS,0,0,0,0,0,0,1,0,0,0,jumbo,4,5,5,5,4,4.75,5,5,5,5,5,5,5,5,5,5,5,5,5,3,5,2,4,0,0,1,0,1,1
332,SS9381,0,0,0,1,0,0,0,0,0,0,0,0.833333333,4.777777778,0,0,0,SS,1,0,0,0,0,0,0,0,0,0,jumbo,1,5,5,5,5,5,5,4,5,5,5,4.8,5,5,5,5,5,4,4,4,6,4,4.4,1,1,1,0,1,1
333,SS0100,0,1,0,0,0,1,0,0,0,0,0,0.833333333,4.611111111,1,1,0,SS,0,1,0,1,0,0,1,1,0,0,jumbo,3.3,5,5,4,4,4.5,5,5,5,5,5,5,4,4,4,4,4,4,5,5,5,5,4.8,1,1,0,1,1,1
334,SS7109,0,1,1,0,0,1,0,0,1,0,0,1,4.166666667,1,1,0,SS,1,0,0,0,1,0,1,0,0,0,jumbo,1,6,6,5,3,5,5,4,3,2,4,3.6,4,2,2,4,3,6,4,5,5,5,5,1,1,1,1,1,1
335,SS7855,0,1,0,0,0,1,0,0,0,0,1,1,4.222222222,0,1,0,SS,1,1,0,0,1,1,0,0,0,0,jumbo,2,5,5,4,4,4.5,5,5,5,5,6,5.2,3,3,5,3,3.5,4,4,4,3,3,3.6,1,1,1,1,1,1
336,SS9129,0,0,0,0,0,1,0,0,1,1,1,0.833333333,5.666666667,1,1,0,SS,0,0,0,0,0,0,0,0,0,0,jumbo,4,5,5,5,5,5,6,6,6,6,6,6,6,5,5,6,5.5,6,6,6,6,6,6,1,1,1,1,1,0
337,SS4946,0,0,1,0,0,0,0,0,0,1,1,0,4.277777778,1,1,0,SS,0,1,0,0,0,1,1,1,0,0,jumbo,0,5,4,3,4,4,4,4,5,5,3,4.2,4,4,4,3,3.75,6,5,4,5,5,5,0,0,0,0,0,0
338,SD5301,1,1,0,1,0,0,0,0,0,0,1,0.833333333,6,0,1,0,SD,0,0,0,0,0,1,1,0,0,0,regular,3.7,6,6,6,6,6,6,6,6,6,6,6,6,6,6,6,6,6,6,6,6,6,6,1,1,1,1,0,1
339,SD3801,0,1,0,0,0,0,0,0,1,1,0,0.333333333,4.166666667,0,1,0,SD,0,0,1,0,0,0,0,0,0,0,regular,0,5,5,5,5,5,5,5,5,2,5,4.4,4,3,3,4,3.5,4,4,3,4,4,3.8,0,1,0,0,1,0
340,SD8397,1,0,0,0,0,0,1,0,0,1,0,0.5,4.277777778,1,1,0,SD,0,0,1,0,0,1,1,0,1,0,regular,3.3,5,6,4,3,4.5,5,3,3,2,5,3.6,6,4,4,5,4.75,6,4,3,5,4,4.4,1,0,1,1,0,0
341,SD2325,0,0,0,0,0,0,1,0,0,1,1,1,3.777777778,1,1,0,SD,0,0,1,0,0,0,0,1,0,0,regular,3.3,4,4,4,2,3.5,4,4,4,3,5,4,4,3,3,4,3.5,5,5,4,5,1,4,1,1,1,1,1,1
342,SD8418,0,0,0,1,0,0,0,0,0,1,0,0.666666667,4.055555556,1,0,0,SD,0,0,0,0,0,0,1,0,0,1,regular,NA,5,4,3,4,4,3,5,5,3,3,3.8,3,3,5,3,3.5,5,6,2,6,5,4.8,1,1,1,0,0,1
343,SD0743,0,1,0,0,0,1,0,0,1,1,0,0.666666667,4.333333333,1,1,0,SD,0,0,0,0,0,0,1,0,0,0,regular,2,5,5,5,2,4.25,5,5,5,3,5,4.6,5,3,2,5,3.75,5,5,3,5,5,4.6,0,1,1,1,0,1
344,SD9117,0,1,0,0,0,1,0,0,1,0,0,0.5,4.277777778,1,1,0,SD,1,0,0,0,0,0,0,0,0,0,regular,2,5,5,4,4,4.5,4,5,5,4,4,4.4,4,4,3,4,3.75,5,4,4,5,4,4.4,0,0,1,1,1,0
345,SD2454,0,1,0,0,0,1,0,0,0,1,0,0.833333333,4.833333333,1,1,0,SD,0,0,0,0,0,0,0,0,0,0,regular,3,5,5,3,3,4,6,6,6,5,5,5.6,4,3,2,6,3.75,6,6,6,5,5,5.6,1,1,1,1,0,1
346,SD7469,0,1,1,1,0,0,0,0,1,1,1,0.833333333,4.111111111,1,1,0,SD,0,0,0,0,0,0,1,0,0,1,regular,NA,5,5,4,5,4.75,3,4,5,5,3,4,1,1,2,4,2,6,5,5,5,6,5.4,1,1,1,1,0,1
347,SD2353,0,1,0,0,0,1,0,0,0,0,0,0.833333333,5.055555556,1,1,0,SD,0,1,0,1,0,0,1,1,0,0,regular,3,5,5,6,4,5,4,5,6,5,4,4.8,5,5,5,5,5,5,5,5,6,6,5.4,1,1,1,0,1,1
348,SD8610,0,0,1,0,0,0,0,0,0,1,0,0.166666667,4.333333333,1,1,0,SD,0,0,0,0,1,0,1,0,0,0,regular,2.7,6,6,6,6,6,4,3,4,3,4,3.6,6,3,4,4,4.25,5,3,1,5,5,3.8,0,0,0,0,0,1
349,SD2531,0,1,0,0,0,1,0,0,1,0,0,0.666666667,4.333333333,1,1,0,SD,0,0,1,0,0,1,1,0,0,0,regular,1,6,6,6,3,5.25,5,4,5,3,5,4.4,6,1,3,5,3.75,6,4,3,3,4,4,1,1,0,1,1,0
350,SD3403,0,1,0,0,0,1,1,0,0,1,0,1,3.833333333,1,1,0,SD,0,1,1,1,1,0,0,1,0,0,regular,0,6,6,6,2,5,4,4,6,5,4,4.6,4,3,3,3,3.25,3,2,2,5,1,2.6,1,1,1,1,1,1
351,SD1469,0,0,0,1,0,0,0,0,1,1,0,0.666666667,3.833333333,1,1,0,SD,0,1,0,0,0,1,1,0,0,0,regular,2,5,5,5,2,4.25,2,4,4,4,4,3.6,6,4,3,5,4.5,3,3,3,4,3,3.2,1,1,1,0,1,0
352,SD4770,0,0,0,0,0,1,0,0,0,1,0,1,3.5,1,1,0,SD,0,0,0,1,0,0,1,0,0,0,regular,2,5,4,3,3,3.75,3,4,2,2,3,2.8,5,5,3,2,3.75,5,5,3,5,1,3.8,1,1,1,1,1,1
353,SD0344,0,0,0,0,0,1,0,0,0,1,0,1,4.888888889,1,1,0,SD,0,0,0,0,0,0,1,0,0,1,regular,NA,6,6,5,5,5.5,5,5,5,5,5,5,5,5,5,5,5,5,4,3,5,4,4.2,1,1,1,1,1,1
354,SD7169,0,0,0,0,0,0,0,1,1,1,0,0.5,3.5,1,0,0,SD,0,1,0,0,0,0,1,0,1,0,regular,1,5,5,3,3,4,4,2,2,3,2,2.6,5,5,3,3,4,4,4,3,4,3,3.6,1,1,0,0,0,1
355,SD8623,0,0,0,0,0,0,0,0,1,0,0,0.833333333,4.055555556,1,1,0,SD,0,0,0,0,0,0,1,0,0,0,regular,0,6,4,3,3,4,3,4,3,3,4,3.4,6,3,3,5,4.25,4,5,2,6,6,4.6,1,1,1,1,1,0
356,SD7017,0,1,0,0,0,0,0,0,1,1,0,1,3.833333333,1,1,0,SD,0,0,0,0,0,1,1,0,1,0,regular,1,4,5,4,1,3.5,4,3,6,3,5,4.2,5,1,5,3,3.5,5,4,1,6,4,4,1,1,1,1,1,1
357,SD6077,1,1,0,0,0,0,0,0,1,0,0,1,4.055555556,0,0,0,SD,0,1,0,0,0,1,0,1,0,0,regular,0,5,4,4,3,4,4,4,4,3,4,3.8,4,4,4,4,4,5,4,4,5,4,4.4,1,1,1,1,1,1
358,SD5249,0,1,0,1,0,0,0,0,0,1,0,0.666666667,2.944444444,1,1,0,SD,0,1,0,0,1,0,0,0,1,1,regular,NA,4,3,2,5,3.5,3,2,2,2,2,2.2,2,2,2,3,2.25,3,3,4,5,4,3.8,1,0,1,1,0,1
359,SD0807,0,0,0,0,0,1,0,0,1,1,0,1,5.111111111,1,1,0,SD,0,1,0,0,0,0,1,1,0,0,regular,4,6,6,6,3,5.25,6,6,6,2,6,5.2,4,4,6,4,4.5,6,6,3,6,6,5.4,1,1,1,1,1,1
360,SD6540,0,0,0,0,0,0,0,0,0,1,0,0.333333333,4.388888889,1,1,0,SD,0,1,0,0,1,1,1,1,0,0,regular,0,6,6,6,5,5.75,5,5,5,3,4,4.4,6,4,4,5,4.75,1,4,3,4,3,3,1,0,1,0,0,0
361,SD8407,0,1,0,0,0,1,0,0,1,0,0,0.833333333,5.222222222,1,0,0,SD,0,0,0,0,0,0,1,0,0,0,regular,3.3,5,5,5,6,5.25,6,6,6,5,6,5.8,6,4,3,4,4.25,6,6,5,6,4,5.4,1,1,1,1,0,1
362,SD7125,0,0,1,0,0,0,0,0,0,1,0,0.833333333,3.666666667,1,1,0,SD,1,0,0,0,0,1,0,0,0,1,regular,NA,5,5,4,5,4.75,4,4,4,1,4,3.4,3,1,2,3,2.25,5,4,2,6,4,4.2,1,1,1,1,1,0
363,SD2193,0,1,0,0,0,1,0,0,1,0,0,0.666666667,3.833333333,1,1,0,SD,0,1,0,0,0,0,1,1,1,0,regular,2,4,4,4,4,4,4,4,4,3,4,3.8,4,3,4,4,3.75,4,4,3,4,4,3.8,1,1,1,0,0,1
364,SD5493,0,1,1,0,0,0,0,0,1,0,0,0.333333333,3.722222222,1,1,0,SD,1,1,1,0,0,0,1,1,0,0,regular,1,4,5,2,1,3,3,3,4,5,4,3.8,4,5,5,4,4.5,5,4,2,4,3,3.6,1,1,0,0,0,0
365,SD5502,0,0,1,0,0,0,0,0,0,1,0,0.5,3.166666667,0,1,0,SD,1,0,0,0,0,0,1,0,0,1,regular,NA,3,2,4,2,2.75,4,2,3,3,3,3,4,3,3,3,3.25,4,3,3,4,4,3.6,0,1,1,1,0,0
366,SD1806,0,1,1,0,0,1,0,0,1,0,0,0.833333333,4,0,1,0,SD,0,1,0,1,0,0,1,0,0,1,regular,NA,5,5,4,4,4.5,4,4,4,4,4,4,4,4,3,4,3.75,4,4,4,4,3,3.8,1,1,1,1,0,1
367,SD3036,0,0,0,1,0,0,0,0,0,1,0,0.833333333,3.888888889,0,1,0,SD,1,0,0,0,1,0,1,0,0,0,regular,1,4,4,3,3,3.5,5,5,4,3,4,4.2,4,3,3,4,3.5,4,5,2,5,5,4.2,1,1,1,1,1,0
368,SD7963,0,1,0,0,0,1,0,0,1,1,0,1,3.888888889,1,1,0,SD,1,1,1,0,0,0,1,0,0,0,regular,4,5,5,5,5,5,4,4,3,4,3,3.6,4,3,3,5,3.75,5,2,3,5,2,3.4,1,1,1,1,1,1
369,SD2406,0,0,1,1,0,0,0,0,1,0,0,0.833333333,3.666666667,1,0,0,SD,0,0,0,0,0,0,1,0,0,1,regular,NA,4,4,4,3,3.75,4,3,4,2,5,3.6,4,3,3,4,3.5,4,4,3,4,4,3.8,1,1,0,1,1,1
370,SD3336,0,0,1,0,0,0,0,0,1,1,0,0.833333333,4.666666667,1,1,0,SD,0,0,0,0,0,0,1,0,0,0,regular,2,5,5,5,5,5,5,5,5,4,5,4.8,5,5,2,5,4.25,5,5,3,5,5,4.6,1,1,1,0,1,1
371,SD9630,0,1,1,0,0,0,0,0,0,1,0,0.5,3.722222222,0,1,0,SD,0,0,0,0,0,0,1,0,0,1,regular,NA,4,4,4,3,3.75,4,4,4,3,4,3.8,4,3,4,3,3.5,4,4,3,4,4,3.8,1,0,1,1,0,0
372,SD1877,0,1,0,1,0,0,0,0,1,0,0,1,4.833333333,0,1,0,SD,0,0,0,0,0,0,0,0,0,0,regular,2,5,5,5,5,5,5,5,5,5,4,4.8,5,5,3,5,4.5,5,5,5,5,5,5,1,1,1,1,1,1
373,SD2202,0,0,1,0,0,1,0,0,0,0,0,0.166666667,4,1,1,0,SD,1,0,0,0,0,0,0,0,0,0,regular,1,5,5,5,2,4.25,5,5,5,2,5,4.4,5,2,2,5,3.5,4,4,3,4,4,3.8,1,0,0,0,0,0
374,SW9497,0,1,0,0,0,0,1,0,1,1,0,0.833333333,4.277777778,1,1,1,SW,0,0,1,1,0,0,1,0,0,0,regular,3.7,5,5,4,5,4.75,5,5,4,5,4,4.6,5,5,4,4,4.5,3,3,3,5,3,3.4,1,1,1,1,0,1
375,SW0384,0,1,1,0,0,1,0,0,0,1,0,0.166666667,4.166666667,1,1,1,SW,0,1,0,0,1,0,1,0,1,0,regular,0,4,4,2,5,3.75,4,5,5,5,4,4.6,4,4,3,3,3.5,5,4,4,5,5,4.6,0,0,1,0,0,0
376,SW8265,0,0,0,1,0,0,0,0,1,0,0,0.5,4.611111111,1,1,1,SW,1,0,0,1,0,1,1,0,1,0,regular,3.3,6,5,5,4,5,5,5,5,4,4,4.6,5,4,4,4,4.25,5,5,3,5,5,4.6,0,1,1,0,0,1
377,SW3533,0,0,0,0,1,0,0,0,1,1,0,1,4.944444444,1,1,1,SW,1,1,1,1,0,0,1,1,1,0,regular,4,6,6,5,4,5.25,4,5,5,4,4,4.4,6,4,4,4,4.5,6,6,4,6,6,5.6,1,1,1,1,1,1
378,SW1066,0,0,1,0,0,0,0,0,0,0,0,0.333333333,3.777777778,1,1,1,SW,0,0,0,0,0,1,0,0,1,0,regular,1,4,4,4,4,4,3,4,4,2,4,3.4,5,3,3,4,3.75,5,4,3,3,5,4,0,0,1,0,0,1
379,SW6509,0,0,0,0,1,0,0,0,1,1,0,1,4,1,1,1,SW,1,0,0,0,0,0,0,1,0,0,regular,4,4,4,4,4,4,4,4,4,4,4,4,4,4,4,4,4,4,4,4,4,4,4,1,1,1,1,1,1
380,SW9210,0,0,0,0,0,0,0,0,1,0,1,0.166666667,5.722222222,1,1,1,SW,0,0,0,1,1,0,0,1,0,0,regular,3.3,5,6,5,6,5.5,6,6,6,6,6,6,6,6,6,6,6,6,5,5,6,5,5.4,1,0,0,0,0,0
381,SW4328,0,1,0,0,0,1,0,0,1,0,0,0.666666667,4.166666667,1,1,1,SW,0,0,0,0,0,0,0,0,0,0,regular,2.3,5,5,4,4,4.5,3,4,3,4,4,3.6,5,5,2,4,4,5,4,4,6,4,4.6,0,1,1,1,0,1
382,SW4512,0,0,0,0,0,1,0,0,1,0,0,1,4.944444444,1,1,1,SW,1,1,0,0,0,0,1,0,1,0,regular,4,4,4,4,5,4.25,4,4,5,6,4,4.6,6,5,5,5,5.25,6,5,5,6,6,5.6,1,1,1,1,1,1
383,SW6390,0,0,0,1,0,0,0,0,1,0,0,0.5,3.777777778,1,1,1,SW,0,0,0,0,0,1,1,0,0,0,regular,0,4,2,4,3,3.25,1,4,5,5,4,3.8,4,3,3,4,3.5,4,6,4,2,6,4.4,0,1,0,1,1,0
384,SW1215,0,0,0,0,0,1,0,0,0,1,0,0.166666667,3.333333333,1,1,1,SW,0,0,0,0,0,0,1,0,0,0,regular,2.3,6,6,6,1,4.75,2,3,3,2,5,3,4,1,1,6,3,2,4,4,1,3,2.8,1,0,0,0,0,0
385,SW2915,0,0,0,1,0,0,0,0,1,0,0,0.666666667,4.111111111,1,0,1,SW,0,0,0,0,0,1,1,1,0,0,regular,1,5,5,4,4,4.5,4,5,5,5,4,4.6,4,3,3,5,3.75,4,3,4,4,3,3.6,0,0,1,1,1,1
386,SW9452,0,1,0,0,0,0,1,0,0,1,0,1,3.5,1,0,1,SW,0,1,0,0,0,0,1,0,0,0,regular,3.3,4,5,3,3,3.75,4,3,3,3,4,3.4,4,4,3,3,3.5,3,3,4,4,3,3.4,1,1,1,1,1,1
387,SW5529,0,0,1,0,0,1,0,0,0,0,0,0.833333333,3.555555556,1,1,1,SW,1,1,1,0,0,1,0,0,0,0,regular,2,4,4,2,3,3.25,5,4,4,4,3,4,4,4,3,3,3.5,4,3,4,3,3,3.4,1,1,1,0,1,1
388,SW9307,1,0,0,0,0,0,1,0,1,1,0,0.5,4.333333333,1,1,1,SW,0,0,0,0,0,0,0,0,0,0,regular,3.3,5,5,5,4,4.75,5,5,5,3,5,4.6,5,5,3,4,4.25,4,4,3,5,3,3.8,1,1,1,0,0,0
389,SW4200,0,1,0,0,0,0,1,0,1,1,0,0.5,3.444444444,1,1,1,SW,0,0,0,1,0,0,1,1,1,0,regular,4,4,3,2,3,3,5,5,5,4,6,5,4,3,4,4,3.75,2,1,1,5,1,2,1,1,1,0,0,0
390,SW6867,0,1,0,0,0,1,1,0,1,1,0,0.166666667,4.111111111,1,1,1,SW,1,0,0,0,0,0,0,0,0,0,regular,3.7,5,5,3,2,3.75,5,5,6,5,5,5.2,4,4,3,2,3.25,2,4,4,5,5,4,0,0,0,0,0,1
391,SW5078,0,1,1,0,0,0,0,0,1,1,0,1,4.111111111,1,1,1,SW,1,0,0,0,0,0,0,0,0,0,regular,3.3,4,5,4,5,4.5,4,4,5,4,2,3.8,4,4,4,4,4,5,3,4,5,4,4.2,1,1,1,1,1,1
392,SW5441,0,0,0,1,0,0,0,0,0,0,0,0.833333333,4.5,1,1,1,SW,0,1,0,0,0,1,1,0,0,0,regular,0,4,5,4,3,4,4,4,4,5,4,4.2,5,5,5,4,4.75,5,5,5,5,5,5,1,1,1,0,1,1
393,SW1874,0,1,1,0,0,0,0,0,1,1,1,0.833333333,4.388888889,1,1,1,SW,0,0,0,0,1,0,1,0,0,0,regular,2.7,5,5,5,4,4.75,5,5,5,4,5,4.8,6,2,3,5,4,4,4,4,4,4,4,1,1,1,1,0,1
394,SW5705,0,0,0,0,0,1,0,0,1,1,0,0.833333333,3.5,1,1,1,SW,0,0,0,0,0,1,1,0,1,1,regular,NA,4,4,4,3,3.75,4,4,4,3,4,3.8,4,3,3,4,3.5,4,4,2,3,2,3,1,1,1,1,0,1
395,SW5915,0,0,0,0,0,1,0,0,0,1,0,0.666666667,5.388888889,1,1,1,SW,0,0,0,0,0,0,1,0,0,0,regular,3.7,6,6,6,5,5.75,5,5,5,5,5,5,6,6,5,6,5.75,5,5,5,6,5,5.2,1,1,1,1,0,0
396,SW0685,0,0,0,0,1,0,0,0,0,1,0,0.666666667,3.444444444,1,1,1,SW,1,1,0,0,0,0,1,0,0,0,regular,2.3,4,3,3,3,3.25,4,4,4,3,4,3.8,3,3,3,4,3.25,3,3,3,4,4,3.4,1,1,1,0,1,0
397,SW1245,0,1,0,0,0,1,0,0,0,0,0,0.833333333,3.722222222,1,1,1,SW,0,0,0,0,0,0,0,0,0,0,regular,3.3,4,4,4,4,4,4,4,4,4,3,3.8,4,4,4,3,3.75,2,4,4,4,3,3.4,0,1,1,1,1,1
398,SW0530,0,0,0,1,0,0,0,0,1,0,0,0.666666667,4.055555556,1,1,1,SW,0,0,0,0,0,0,1,0,0,0,regular,3,5,4,4,2,3.75,4,4,4,3,5,4,4,3,5,4,4,5,5,3,5,4,4.4,1,0,1,1,1,0
399,SW8300,0,0,0,1,0,0,0,0,1,1,0,1,3.055555556,1,1,1,SW,1,0,0,0,0,0,0,0,0,0,regular,2,4,3,3,4,3.5,3,3,3,2,3,2.8,3,3,2,2,2.5,4,3,3,4,3,3.4,1,1,1,1,1,1
400,SW7393,1,0,1,0,0,0,0,0,0,1,0,0.666666667,3.555555556,1,0,1,SW,0,0,0,0,0,0,1,1,0,0,regular,0,5,4,4,4,4.25,4,4,2,3,3,3.2,4,3,3,4,3.5,4,4,3,4,2,3.4,0,1,1,1,0,1
401,SW9401,0,0,0,0,0,0,0,0,1,0,1,0.5,4.444444444,1,1,1,SW,0,0,1,0,0,0,0,0,0,0,regular,1,5,5,6,4,5,4,5,5,4,5,4.6,3,4,5,4,4,4,4,4,5,4,4.2,1,1,0,0,1,0
402,SW9847,0,1,1,0,0,0,0,0,0,1,0,0.833333333,5.055555556,1,1,1,SW,0,1,0,0,0,0,1,0,0,0,regular,3.7,6,6,6,6,6,6,5,5,4,5,5,6,4,5,4,4.75,5,5,3,5,5,4.6,0,1,1,1,1,1
403,SW9309,0,1,0,0,0,1,0,0,1,0,0,0.166666667,4.722222222,1,0,1,SW,0,1,0,0,0,0,1,0,0,0,regular,4,5,5,5,2,4.25,5,5,5,5,3,4.6,5,5,5,5,5,5,5,5,5,5,5,0,0,1,0,0,0
404,SW6353,0,0,0,0,0,1,0,0,0,0,0,0.166666667,4.5,1,1,1,SW,1,0,0,0,0,0,1,0,0,0,regular,0,5,5,5,2,4.25,4,4,4,3,4,3.8,5,5,5,5,5,5,5,5,5,5,5,0,0,0,1,0,0
405,SW2928,0,1,0,1,0,0,0,0,1,0,0,0.5,4.222222222,1,1,1,SW,1,1,1,0,0,0,0,0,0,0,regular,0,5,5,4,5,4.75,4,3,4,2,4,3.4,5,4,4,4,4.25,5,5,3,5,5,4.6,1,1,1,0,0,0
406,SW0390,0,0,1,0,0,0,0,0,1,0,0,0.833333333,4.388888889,1,1,1,SW,0,0,0,0,0,0,1,0,0,0,regular,3.7,6,5,4,5,5,5,4,5,4,3,4.2,4,5,4,3,4,5,4,4,6,3,4.4,1,1,1,1,0,1
407,SW4523,0,1,0,0,0,0,1,0,0,1,0,0.5,3.944444444,1,1,1,SW,0,0,0,0,0,0,1,0,0,0,regular,2.7,5,5,5,3,4.5,5,4,4,3,2,3.6,4,4,5,3,4,4,3,3,5,4,3.8,1,0,0,1,0,1
408,SW2860,0,0,0,1,0,0,0,0,0,1,0,0.833333333,4.833333333,1,1,1,SW,0,0,0,0,0,0,1,0,0,0,regular,0,5,5,4,5,4.75,4,4,5,5,5,4.6,6,5,5,6,5.5,5,4,5,5,4,4.6,1,1,1,1,0,1
409,SW4518,0,0,0,1,0,0,0,0,1,0,0,1,4.722222222,1,1,1,SW,0,0,0,0,0,0,1,0,0,0,regular,2,6,3,4,5,4.5,4,5,5,5,4,4.6,5,4,4,5,4.5,6,6,3,6,5,5.2,1,1,1,1,1,1
410,SW3727,0,0,0,0,1,0,0,0,0,1,1,0.833333333,3,1,1,1,SW,0,0,1,1,0,0,0,1,0,0,regular,3.7,4,4,2,1,2.75,4,3,4,3,3,3.4,3,3,3,3,3,3,2,2,5,2,2.8,1,1,0,1,1,1
411,SW9392,0,0,1,0,0,0,0,0,0,1,0,0.5,3.666666667,1,1,1,SW,1,0,0,0,0,0,0,0,0,0,regular,3,4,4,4,3,3.75,3,4,4,3,4,3.6,4,3,3,4,3.5,4,4,3,4,4,3.8,0,0,1,1,0,1
412,SE8619,0,1,0,1,0,0,0,0,1,0,1,0.5,4.666666667,0,1,0,SE,0,0,0,0,0,0,0,0,1,0,jumbo,0,6,4,5,2,4.25,4,4,4,4,4,4,4,5,4,4,4.25,6,6,6,6,6,6,1,0,1,1,0,0
413,SE3365,0,1,1,0,0,0,0,0,0,1,1,0.833333333,4.166666667,1,1,0,SE,0,0,1,0,0,0,0,0,0,0,jumbo,4,5,5,5,4,4.75,5,4,5,5,4,4.6,4,4,2,4,3.5,4,4,4,3,4,3.8,1,0,1,1,1,1
414,SE3695,0,1,0,0,0,0,1,0,1,1,0,0.833333333,3.777777778,1,1,0,SE,0,0,0,0,0,0,1,0,0,0,jumbo,0,5,4,5,2,4,4,3,4,3,4,3.6,5,4,3,4,4,4,4,2,5,3,3.6,0,1,1,1,1,1
415,SE7737,0,1,0,0,1,0,1,0,0,1,1,0.833333333,4.611111111,1,1,0,SE,0,0,0,0,0,0,0,0,0,0,jumbo,0,5,5,4,6,5,5,6,5,4,4,4.8,4,3,3,4,3.5,6,4,5,4,6,5,0,1,1,1,1,1
416,SE5381,0,1,0,1,0,0,0,0,1,0,0,1,3.777777778,0,1,0,SE,0,0,1,0,0,0,0,1,0,0,jumbo,2,5,4,2,4,3.75,4,5,5,3,4,4.2,4,3,3,3,3.25,4,3,3,5,4,3.8,1,1,1,1,1,1
417,SE9692,0,1,0,0,1,0,0,0,0,0,1,0.333333333,4.111111111,1,1,0,SE,0,1,0,0,0,0,1,0,0,0,jumbo,0,6,6,5,3,5,5,4,5,1,4,3.8,5,1,2,5,3.25,5,5,2,5,5,4.4,0,1,0,0,0,1
418,SE2070,0,0,0,0,0,1,0,0,0,1,0,0.5,2.555555556,0,0,0,SE,1,1,0,1,0,1,1,0,0,1,jumbo,NA,4,3,1,1,2.25,3,3,4,4,1,3,2,2,2,2,2,4,1,2,4,3,2.8,1,1,1,0,0,0
419,SE1119,0,1,0,0,0,1,0,0,0,0,0,1,4,0,1,0,SE,0,0,0,1,0,0,1,0,0,0,jumbo,1,5,5,4,4,4.5,4,4,4,3,4,3.8,5,4,4,4,4.25,3,3,3,5,4,3.6,1,1,1,1,1,1
420,SE1676,0,1,0,0,0,0,0,0,1,0,1,0.5,3.611111111,1,1,0,SE,0,1,1,0,1,1,0,0,0,1,jumbo,NA,4,4,4,3,3.75,3,4,4,4,4,3.8,4,3,3,3,3.25,3,3,4,4,4,3.6,0,1,0,1,0,1
421,SE2521,1,0,0,0,0,0,0,1,0,0,1,0.666666667,3.222222222,0,1,0,SE,0,0,0,0,0,1,1,0,0,0,jumbo,4,4,4,2,3,3.25,4,2,3,3,3,3,4,3,3,3,3.25,5,3,3,4,2,3.4,1,1,1,1,0,0
422,SE4371,0,1,0,1,0,0,0,0,0,0,1,0.833333333,3.777777778,0,1,0,SE,1,0,0,0,0,1,1,0,0,1,jumbo,NA,3,5,4,2,3.5,4,4,4,3,4,3.8,4,3,5,4,4,5,4,2,4,4,3.8,1,1,1,1,1,0
423,SE2905,0,1,0,0,0,1,0,0,1,1,1,0.666666667,4.222222222,0,1,0,SE,0,1,0,0,0,0,1,0,0,0,jumbo,0,5,5,5,5,5,3,5,5,4,5,4.4,3,4,5,4,4,4,4,4,4,2,3.6,0,1,1,1,0,1
424,SE4696,1,0,0,1,0,0,0,0,0,0,1,1,3.666666667,1,1,0,SE,0,0,0,1,0,0,1,0,0,0,jumbo,4,5,5,4,4,4.5,4,4,4,4,3,3.8,3,3,4,4,3.5,3,3,3,5,1,3,1,1,1,1,1,1
425,SE4759,0,0,0,0,0,1,0,0,1,1,1,1,5.222222222,1,1,0,SE,0,0,0,0,0,0,1,0,0,0,jumbo,3,6,6,6,5,5.75,6,6,6,5,4,5.4,5,5,3,5,4.5,5,5,5,6,5,5.2,1,1,1,1,1,1
426,SE6582,0,0,0,0,0,1,0,0,0,0,0,0.666666667,4.555555556,1,1,0,SE,0,0,1,0,0,0,0,1,0,0,jumbo,4,5,5,5,5,5,4,5,5,2,5,4.2,5,5,5,5,5,5,4,2,5,5,4.2,1,0,1,1,1,0
427,SE7921,0,1,0,1,0,0,0,0,1,0,1,0.666666667,3.388888889,1,1,0,SE,0,0,0,0,0,0,1,0,0,0,jumbo,4,4,5,4,3,4,3,3,3,5,4,3.6,3,1,2,4,2.5,3,3,4,4,3,3.4,1,1,1,0,0,1
428,SE6556,0,0,1,0,0,0,0,0,0,0,1,1,3.277777778,1,0,0,SE,0,0,0,0,0,0,0,1,0,1,jumbo,NA,3,2,2,1,2,3,2,4,5,2,3.2,3,5,3,2,3.25,5,3,6,6,2,4.4,1,1,1,1,1,1
429,SE5111,0,0,0,1,0,0,0,0,0,0,0,0.666666667,4.722222222,1,1,0,SE,0,1,0,0,0,0,1,0,0,0,jumbo,2.7,5,5,4,5,4.75,5,5,5,5,5,5,5,4,4,4,4.25,5,5,4,5,5,4.8,0,1,1,1,0,1
430,SE4412,0,0,0,0,0,1,0,0,1,0,1,1,4.111111111,1,1,0,SE,1,1,1,0,0,0,0,0,0,0,jumbo,2.3,4,4,4,2,3.5,3,4,3,3,4,3.4,4,5,4,4,4.25,4,5,5,6,6,5.2,1,1,1,1,1,1
431,SE3528,0,1,0,0,0,1,0,1,1,0,0,0.833333333,4.555555556,1,1,0,SE,0,1,0,0,0,1,1,0,1,0,jumbo,0,5,5,4,4,4.5,5,3,5,5,4,4.4,4,5,5,5,4.75,5,4,5,4,5,4.6,1,1,1,1,0,1
432,SE2761,0,0,0,1,0,0,0,0,0,1,0,0.833333333,4.277777778,1,1,0,SE,1,0,0,0,0,0,1,0,0,0,jumbo,4,4,5,5,5,4.75,4,4,5,3,4,4,5,5,4,4,4.5,5,5,4,3,3,4,1,1,1,1,1,0
433,SE2151,0,0,0,1,0,0,0,0,0,0,1,0.833333333,4.333333333,1,0,0,SE,0,1,1,1,0,0,0,0,0,1,jumbo,NA,5,5,5,4,4.75,4,6,6,6,6,5.6,1,1,3,5,2.5,5,5,3,5,3,4.2,1,1,1,0,1,1
434,SE3753,0,0,0,0,0,0,1,0,0,1,1,0.833333333,3.666666667,1,1,0,SE,0,0,0,0,1,0,0,0,1,0,jumbo,4,5,4,4,2,3.75,2,4,4,3,4,3.4,4,3,4,5,4,3,3,3,5,4,3.6,1,1,1,1,1,0
435,SE5671,0,1,0,0,0,0,1,0,1,1,0,0.333333333,2.555555556,1,1,0,SE,0,0,0,0,0,0,0,1,0,0,jumbo,2,1,2,2,5,2.5,1,1,1,1,1,1,4,3,3,4,3.5,4,3,4,3,3,3.4,0,0,0,1,0,1
436,SE0645,0,0,0,0,0,1,0,0,0,1,1,1,4.555555556,1,1,0,SE,0,1,0,1,0,0,1,0,0,0,jumbo,3.7,6,6,5,4,5.25,5,5,4,3,5,4.4,5,5,5,5,5,5,4,3,2,5,3.8,1,1,1,1,1,1
437,SE1535,0,1,0,0,0,0,1,0,1,1,1,0,3.444444444,1,0,0,SE,0,1,0,0,0,0,0,0,0,0,jumbo,0,3,4,3,3,3.25,3,4,3,5,4,3.8,4,4,2,4,3.5,3,2,4,4,3,3.2,0,0,0,0,0,0
438,SE0080,0,1,1,0,0,0,0,0,1,0,1,0.5,3.944444444,1,1,0,SE,0,0,0,0,0,0,0,1,0,0,jumbo,3.3,5,5,5,2,4.25,4,4,4,4,3,3.8,6,1,1,6,3.5,5,4,3,5,4,4.2,1,1,1,0,0,0
439,SE9795,0,0,0,0,0,1,0,0,0,0,1,0.666666667,3.611111111,1,1,0,SE,0,0,0,0,0,0,0,0,0,0,jumbo,2,4,4,4,3,3.75,4,4,4,4,3,3.8,4,4,3,4,3.75,3,3,3,4,3,3.2,1,1,1,0,1,0
440,SE4693,0,0,1,0,0,0,0,0,1,1,0,0.833333333,3.611111111,0,1,0,SE,1,0,0,0,0,0,1,0,0,1,jumbo,NA,4,4,3,6,4.25,3,4,3,3,2,3,3,3,3,2,2.75,5,3,4,5,5,4.4,0,1,1,1,1,1
441,SE7501,0,0,1,0,0,0,0,0,0,1,1,0.5,3.611111111,1,1,0,SE,0,0,0,0,0,0,1,0,0,0,jumbo,4,4,5,2,3,3.5,5,4,4,4,4,4.2,4,4,3,3,3.5,4,4,2,4,2,3.2,1,0,1,0,0,1
442,SE0117,0,1,1,0,0,0,0,0,0,1,1,1,3.555555556,1,1,0,SE,0,0,1,0,0,0,0,1,0,0,jumbo,2,4,4,3,4,3.75,3,4,4,4,3,3.6,3,3,3,4,3.25,5,4,3,4,2,3.6,1,1,1,1,1,1
443,SE2480,0,0,0,0,0,1,0,0,0,0,1,0.666666667,2.944444444,1,1,0,SE,0,0,0,0,1,1,0,0,0,1,jumbo,NA,4,4,3,2,3.25,4,3,2,1,1,2.2,3,2,3,3,2.75,5,4,4,4,1,3.6,1,1,1,1,0,0
444,SE1241,0,1,0,0,0,1,0,0,0,1,1,0.666666667,4.166666667,0,1,0,SE,0,0,0,0,0,0,0,1,0,0,jumbo,2.3,5,5,4,3,4.25,5,5,5,4,4,4.6,4,3,3,4,3.5,5,4,3,5,4,4.2,1,1,0,1,1,0
445,SE7354,0,1,0,0,0,0,1,0,0,1,1,1,4.111111111,0,1,0,SE,1,0,0,0,0,0,0,0,0,0,jumbo,3.3,4,4,3,4,3.75,4,3,4,4,3,3.6,4,4,4,4,4,5,4,5,6,5,5,1,1,1,1,1,1
446,SE5726,1,0,1,0,0,0,0,0,0,1,1,0.166666667,4.5,1,1,0,SE,0,1,0,0,0,0,0,0,0,0,jumbo,2,6,5,5,5,5.25,4,4,4,3,5,4,4,3,4,4,3.75,6,5,4,5,5,5,0,0,0,0,0,1
447,SE0816,0,1,1,0,0,0,0,0,0,1,1,0.666666667,3.444444444,1,1,0,SE,0,0,0,0,1,1,0,0,0,0,jumbo,3.3,4,4,3,3,3.5,3,4,4,3,3,3.4,2,4,2,5,3.25,5,3,2,5,3,3.6,1,1,0,1,1,0
448,SE3958,0,1,1,0,0,0,0,0,0,0,1,0.666666667,4.444444444,1,0,0,SE,0,1,0,0,1,0,1,0,0,1,jumbo,NA,3,5,4,5,4.25,5,5,5,4,5,4.8,5,5,5,5,5,5,4,1,5,4,3.8,1,1,1,1,0,0
449,SE6257,0,1,0,0,0,1,0,0,1,1,0,1,3.722222222,1,1,0,SE,0,0,0,0,0,0,1,0,0,0,jumbo,4,4,4,4,3,3.75,4,5,5,4,4,4.4,4,3,2,5,3.5,3,2,4,5,2,3.2,1,1,1,1,1,1
450,SE7805,0,1,0,0,0,1,0,0,0,0,1,0.5,3.777777778,0,1,0,SE,0,1,1,0,0,0,0,0,0,1,jumbo,NA,5,5,5,2,4.25,2,2,2,5,4,3,2,5,5,2,3.5,5,5,2,5,5,4.4,0,1,1,0,1,0
451,SE2729,0,0,0,0,0,0,1,0,0,1,1,1,4.722222222,1,1,0,SE,0,0,0,1,0,0,1,0,1,0,jumbo,2.7,5,5,5,5,5,5,5,5,4,5,4.8,5,5,5,5,5,4,5,4,4,4,4.2,1,1,1,1,1,1
452,SE4636,0,0,1,0,0,0,0,0,0,1,1,0.333333333,3.5,0,1,0,SE,0,0,0,0,0,0,0,0,0,0,jumbo,3,5,4,4,4,4.25,4,4,2,3,2,3,4,4,4,3,3.75,4,2,4,3,3,3.2,0,1,0,1,0,0
453,SE1039,0,1,0,1,0,0,0,0,0,0,1,0.5,3.722222222,0,0,0,SE,0,0,0,0,0,0,0,0,0,0,jumbo,1,5,4,4,3,4,5,2,2,2,4,3,5,3,3,5,4,5,3,2,6,4,4,1,0,1,1,0,0
454,SE5388,0,1,0,1,0,0,0,0,1,0,1,0.833333333,4.333333333,0,0,0,SE,1,0,1,0,0,0,1,0,0,1,jumbo,NA,6,6,4,5,5.25,4,4,5,5,5,4.6,3,3,5,3,3.5,5,5,2,5,3,4,0,1,1,1,1,1
455,SE8559,1,0,0,0,0,1,0,1,0,1,1,0.666666667,4.611111111,1,1,0,SE,1,0,0,0,0,0,1,1,0,0,jumbo,2,5,5,5,5,5,4,4,5,4,5,4.4,5,3,4,4,4,5,5,4,6,5,5,1,1,1,0,0,1
456,SE4007,1,0,0,0,0,1,0,0,1,1,1,1,4.277777778,1,1,0,SE,0,0,0,0,0,1,1,0,0,0,jumbo,4,5,4,4,3,4,3,3,5,3,4,3.6,5,5,5,4,4.75,4,5,5,5,5,4.8,1,1,1,1,1,1
457,SE3389,1,0,0,0,1,0,0,0,0,1,1,0.333333333,4.166666667,1,1,0,SE,0,1,1,0,0,1,1,0,0,0,jumbo,4,5,5,5,5,5,3,4,5,3,3,3.6,4,4,4,4,4,5,3,4,5,4,4.2,1,1,0,0,0,0
458,SE0158,1,0,0,1,0,0,0,0,0,1,1,0.5,4.166666667,1,1,0,SE,0,1,0,0,0,0,0,0,0,0,jumbo,0,5,5,6,5,5.25,1,5,5,5,2,3.6,5,5,5,5,5,5,2,2,5,2,3.2,0,1,0,1,1,0
459,SE4400,0,0,0,1,0,0,0,0,1,0,1,0.666666667,4.166666667,1,1,0,SE,1,0,0,0,0,0,1,0,0,0,jumbo,1,5,4,4,4,4.25,5,4,4,2,5,4,5,3,3,4,3.75,5,5,4,5,4,4.6,1,1,1,1,0,0
460,SE4133,0,1,0,1,0,1,0,0,1,1,0,0.5,4.277777778,1,0,0,SE,0,0,1,0,0,0,0,1,0,1,jumbo,NA,6,5,5,4,5,4,4,5,5,4,4.4,5,2,3,3,3.25,6,4,3,5,4,4.4,1,1,1,0,0,0
461,SE7560,0,1,1,0,0,0,0,0,0,1,1,1,5.555555556,1,1,0,SE,0,1,0,1,0,1,0,1,1,0,jumbo,4,5,6,5,4,5,4,6,6,6,5,5.4,6,6,5,6,5.75,6,6,6,6,6,6,1,1,1,1,1,1
462,SE9824,0,1,0,0,0,1,0,0,0,0,1,0.833333333,4.444444444,1,1,0,SE,1,0,0,0,1,0,0,1,0,0,jumbo,2.3,5,4,4,4,4.25,4,5,6,5,4,4.8,4,5,4,3,4,6,5,2,6,4,4.6,1,1,0,1,1,1
463,SE6932,0,1,0,1,0,0,0,0,1,1,1,1,4.944444444,1,1,0,SE,0,0,1,0,0,0,0,0,0,0,jumbo,4,6,6,4,5,5.25,4,5,6,4,6,5,3,6,5,5,4.75,6,4,5,6,3,4.8,1,1,1,1,1,1
464,SE7173,0,0,0,1,0,0,0,0,0,1,0,0.333333333,4.5,1,1,0,SE,1,1,0,0,1,0,1,0,0,0,jumbo,1,5,5,5,4,4.75,5,4,4,3,5,4.2,5,5,5,5,5,4,4,3,5,5,4.2,1,1,0,0,0,0
465,SE8069,0,0,0,0,1,0,0,0,1,1,1,0.5,4.388888889,0,1,0,SE,0,0,0,0,0,0,1,0,0,0,jumbo,4,5,5,5,3,4.5,4,5,5,3,5,4.4,5,5,4,6,5,6,4,2,6,1,3.8,1,1,0,0,0,1
466,SE2430,0,1,1,0,0,1,0,0,0,0,0,0.833333333,4.388888889,1,1,0,SE,0,0,1,0,0,0,0,0,0,0,jumbo,0,5,5,5,4,4.75,4,5,4,5,4,4.4,5,4,3,4,4,5,5,2,5,5,4.4,1,1,1,1,0,1
467,SE3683,0,0,1,0,0,0,0,0,0,1,1,1,4.111111111,1,0,0,SE,0,1,0,0,1,0,0,1,0,1,jumbo,NA,5,5,4,5,4.75,5,4,4,3,4,4,4,3,3,4,3.5,5,4,3,5,4,4.2,1,1,1,1,1,1
468,SE6303,0,1,1,0,0,0,0,0,0,1,1,0.5,4,1,0,0,SE,0,0,0,0,1,0,1,0,0,0,jumbo,3.3,4,5,2,4,3.75,4,4,6,3,3,4,4,2,2,4,3,5,4,4,6,6,5,0,1,1,1,0,0
469,SE5103,0,0,0,0,0,1,0,0,0,0,1,0.166666667,4.166666667,1,1,0,SE,0,0,0,0,0,0,1,0,0,0,jumbo,4,5,5,4,3,4.25,4,4,4,3,4,3.8,5,5,5,4,4.75,5,4,2,5,4,4,0,0,1,0,0,0
470,SE6070,0,0,0,0,0,1,0,0,1,0,1,1,4.555555556,0,1,0,SE,0,0,0,0,0,0,0,0,0,0,jumbo,1,5,5,2,4,4,5,5,5,3,5,4.6,6,5,4,5,5,5,5,4,6,3,4.6,1,1,1,1,1,1
471,SE9580,0,1,1,0,0,1,0,0,0,0,1,0.666666667,4.166666667,1,1,0,SE,0,0,0,0,0,0,0,0,0,0,jumbo,2,5,5,5,4,4.75,4,3,3,4,3,3.4,5,5,4,4,4.5,4,4,4,5,4,4.2,0,1,1,1,1,0
472,SE7715,0,1,0,0,0,1,0,0,1,1,0,0.833333333,4.111111111,1,1,0,SE,1,0,0,1,0,0,1,0,0,1,jumbo,NA,5,5,5,3,4.5,4,5,5,3,4,4.2,4,4,4,4,4,4,5,2,5,3,3.8,1,1,1,1,0,1
473,SE5314,0,1,0,0,0,1,1,0,1,1,0,1,4.333333333,1,1,0,SE,0,0,0,0,0,0,0,1,0,0,jumbo,4,5,4,4,5,4.5,4,5,5,4,5,4.6,5,4,1,5,3.75,4,5,5,4,4,4.4,1,1,1,1,1,1
474,SE5943,0,0,1,0,0,0,0,0,0,0,1,0.833333333,5.055555556,1,1,0,SE,0,1,0,0,1,0,1,0,0,0,jumbo,2,6,6,6,6,6,4,4,5,4,5,4.4,5,5,5,5,5,5,5,5,5,5,5,0,1,1,1,1,1
475,SE9844,0,0,0,1,0,0,0,0,1,1,1,0.666666667,3.944444444,1,0,0,SE,0,0,0,0,0,0,1,0,0,1,jumbo,NA,5,4,5,3,4.25,4,4,4,3,5,4,4,3,2,5,3.5,6,4,2,5,3,4,0,1,1,1,0,1
476,SE2109,0,1,1,0,0,0,0,0,1,1,1,0.5,4.944444444,1,1,0,SE,0,0,0,0,0,0,0,1,0,0,jumbo,4,6,4,5,6,5.25,5,5,6,6,4,5.2,5,6,6,2,4.75,5,4,3,6,5,4.6,1,0,1,1,0,0
477,SE0415,0,0,1,0,0,0,0,0,1,0,1,0.5,3.777777778,1,1,0,SE,0,1,1,1,0,0,1,0,0,0,jumbo,2,4,4,3,2,3.25,3,4,5,3,5,4,4,3,3,4,3.5,4,5,5,5,2,4.2,0,1,1,1,0,0
478,SE6441,1,1,0,0,0,1,0,0,1,0,1,1,4.666666667,1,1,0,SE,0,0,1,0,0,1,1,0,0,0,jumbo,4,5,5,5,5,5,5,4,4,5,4,4.4,5,5,5,5,5,5,4,4,5,4,4.4,1,1,1,1,1,1
479,SE3681,0,0,0,0,0,0,1,0,1,1,1,0.666666667,4.166666667,1,1,0,SE,0,0,0,0,0,0,1,0,1,0,jumbo,3.7,5,5,5,5,5,1,5,5,2,5,3.6,3,4,3,5,3.75,5,5,5,3,4,4.4,1,1,1,0,0,1
480,SE9635,0,1,0,0,1,0,0,0,1,1,1,0.666666667,4,0,0,0,SE,0,0,0,0,0,0,1,0,0,0,jumbo,4,5,4,4,4,4.25,3,4,4,4,4,3.8,4,3,3,4,3.5,4,5,4,5,4,4.4,0,0,1,1,1,1
481,SE0405,0,1,0,0,0,0,1,0,0,1,1,0.333333333,4.5,0,0,0,SE,0,0,0,0,0,0,0,0,0,0,jumbo,4,6,5,5,4,5,4,5,6,5,5,5,4,5,5,4,4.5,5,2,4,4,3,3.6,0,0,0,0,1,1
482,SE4536,0,0,0,0,0,1,0,0,1,0,0,0.666666667,4.055555556,1,1,0,SE,0,1,1,1,1,0,1,0,1,0,jumbo,4,5,4,4,4,4.25,3,3,3,3,3,3,5,5,5,5,5,5,4,3,5,4,4.2,0,1,1,1,1,0
483,SE1448,0,1,0,0,0,1,0,0,1,1,1,1,5,0,1,0,SE,0,0,0,0,0,0,0,0,0,0,jumbo,2.7,6,6,6,4,5.5,4,5,5,5,5,4.8,5,5,5,5,5,5,5,4,5,5,4.8,1,1,1,1,1,1
484,SE5791,0,0,1,0,0,0,0,0,0,1,1,0.166666667,4.277777778,1,1,0,SE,0,0,0,0,0,0,0,1,0,0,jumbo,3.3,6,5,4,4,4.75,4,3,5,3,6,4.2,5,3,3,4,3.75,3,4,3,6,6,4.4,0,1,0,0,0,0
485,SE0499,0,0,0,0,1,0,0,0,0,1,0,0.5,3.888888889,1,1,0,SE,1,1,0,0,0,0,1,1,0,0,jumbo,2.3,5,5,4,3,4.25,4,4,4,5,3,4,4,3,3,3,3.25,5,3,4,5,3,4,1,0,0,1,1,0
486,SE4615,0,0,0,1,0,0,0,0,0,1,1,0.833333333,3.944444444,0,1,0,SE,1,0,0,0,0,0,0,0,1,0,jumbo,4,4,4,3,5,4,5,2,2,5,2,3.2,4,5,5,4,4.5,4,4,3,6,4,4.2,1,1,1,1,1,0
487,SE0805,0,1,0,0,0,1,0,0,0,0,1,0.166666667,5.222222222,1,1,0,SE,0,0,0,0,0,0,0,0,0,0,jumbo,4,6,6,6,3,5.25,5,6,6,5,4,5.2,5,4,5,6,5,6,6,5,6,4,5.4,0,0,0,1,0,0
488,SE0046,0,0,0,1,0,0,0,0,0,0,1,1,3.388888889,1,1,0,SE,0,0,0,0,0,0,0,0,1,0,jumbo,4,5,5,4,4,4.5,2,3,3,3,4,3,2,3,3,4,3,4,2,3,5,2,3.2,1,1,1,1,1,1
489,SE6081,0,0,1,0,0,0,0,0,1,0,1,1,4.222222222,1,1,0,SE,0,0,0,1,0,1,1,0,0,0,jumbo,1,5,5,5,4,4.75,4,4,5,5,4,4.4,5,5,4,5,4.75,4,3,2,5,2,3.2,1,1,1,1,1,1
490,SE6720,0,0,0,1,0,0,0,0,1,1,1,0.833333333,4.222222222,0,1,0,SE,0,0,1,0,0,0,0,0,0,0,jumbo,2,5,5,5,4,4.75,2,2,4,4,5,3.4,5,3,4,5,4.25,5,4,5,6,3,4.6,1,1,1,1,1,0
491,SE3322,0,1,1,0,0,0,0,0,1,0,1,0.666666667,4.555555556,1,1,0,SE,0,1,0,0,0,0,0,0,0,0,jumbo,3.3,5,5,5,5,5,4,4,5,5,4,4.4,4,5,4,5,4.5,5,4,4,5,4,4.4,1,1,1,0,1,0
492,SE9930,0,0,0,1,0,0,0,0,1,1,0,0.666666667,4.555555556,1,1,0,SE,1,0,1,1,0,1,1,0,0,1,jumbo,NA,5,5,4,5,4.75,5,4,5,4,4,4.4,4,5,5,5,4.75,4,5,4,5,4,4.4,0,1,1,1,0,1
493,SE8403,0,1,1,0,0,0,0,0,0,1,1,0.666666667,3.5,0,0,0,SE,0,0,0,0,0,1,0,1,0,1,jumbo,NA,4,4,4,3,3.75,4,4,4,4,3,3.8,3,3,3,3,3,4,3,3,4,3,3.4,1,1,1,0,0,1
494,SE9518,0,0,0,0,0,0,0,0,0,1,1,0.833333333,4.388888889,0,1,0,SE,1,0,0,0,1,0,0,0,1,1,jumbo,NA,5,5,4,3,4.25,5,5,5,5,5,5,5,4,5,4,4.5,3,4,5,2,5,3.8,1,1,1,1,1,0
495,SE4790,0,0,1,0,0,0,0,0,0,0,1,0.5,4,1,1,0,SE,0,0,0,0,0,0,1,0,0,0,jumbo,1,4,5,5,4,4.5,4,3,5,4,5,4.2,3,3,3,3,3,5,5,3,5,3,4.2,1,1,0,1,0,0
496,SE0432,0,0,1,0,0,0,0,0,1,1,1,1,3.277777778,1,1,0,SE,0,0,0,0,0,0,0,0,0,0,jumbo,1,4,5,5,3,4.25,3,2,2,2,3,2.4,3,4,3,2,3,4,3,3,5,3,3.6,1,1,1,1,1,1
497,SE3379,0,0,1,0,0,0,0,0,1,1,1,1,3.777777778,0,1,0,SE,0,0,0,0,0,0,0,1,0,0,jumbo,4,6,5,5,4,5,3,3,4,3,3,3.2,3,3,3,3,3,6,3,3,6,2,4,1,1,1,1,1,1
498,SE4063,0,0,1,0,0,1,0,0,1,1,1,1,4.944444444,1,1,0,SE,0,1,0,0,0,0,1,0,0,0,jumbo,4,6,6,6,5,5.75,5,5,6,5,6,5.4,4,4,3,5,4,6,5,5,2,5,4.6,1,1,1,1,1,1
499,SE6504,0,1,1,0,0,0,0,0,0,1,1,0.833333333,3.444444444,1,0,0,SE,1,1,0,1,1,0,1,0,0,1,jumbo,NA,4,4,3,2,3.25,4,3,5,4,4,4,5,3,3,3,3.5,4,2,2,5,2,3,1,1,1,0,1,1
500,SE4312,0,1,0,0,0,0,1,0,0,1,1,0.666666667,3.888888889,0,1,0,SE,0,0,0,0,0,0,1,0,0,0,jumbo,4,4,5,4,4,4.25,4,4,5,3,3,3.8,4,3,3,5,3.75,4,4,3,5,3,3.8,0,1,1,1,1,0
501,SE5472,0,0,0,0,0,1,0,0,0,0,1,1,4.444444444,1,1,0,SE,0,0,0,0,0,0,0,1,0,0,jumbo,3.3,4,4,3,3,3.5,4,4,5,4,5,4.4,5,4,4,4,4.25,5,5,5,6,6,5.4,1,1,1,1,1,1
502,SE4388,0,1,0,0,0,1,0,1,1,0,0,0.166666667,3.277777778,0,1,0,SE,0,1,0,0,0,0,0,1,0,1,jumbo,NA,4,4,3,3,3.5,3,2,2,2,2,2.2,5,4,3,4,4,5,3,3,4,3,3.6,0,0,1,0,0,0
503,SE6067,0,0,0,0,0,1,0,0,0,1,1,1,3.111111111,1,1,0,SE,0,0,0,0,0,0,0,0,1,0,jumbo,4,5,4,4,3,4,3,2,2,2,2,2.2,2,2,2,2,2,6,4,3,4,4,4.2,1,1,1,1,1,1
504,SE1006,0,1,0,1,0,0,0,0,1,1,1,0.833333333,3.777777778,0,1,0,SE,0,0,0,0,1,0,0,0,0,0,jumbo,1,5,5,3,3,4,5,5,5,2,5,4.4,4,3,3,3,3.25,3,4,1,5,4,3.4,1,1,1,1,0,1
505,SE2847,0,0,0,0,0,0,1,0,1,1,1,0.5,3.5,0,1,0,SE,0,1,0,0,0,0,0,1,0,0,jumbo,4,4,4,4,2,3.5,4,4,4,4,4,4,4,2,3,3,3,3,3,3,5,3,3.4,1,1,0,1,0,0
506,SE6378,1,1,1,0,0,0,0,0,0,0,1,1,4.555555556,1,1,0,SE,0,1,0,0,1,0,0,0,0,0,jumbo,4,6,5,4,4,4.75,5,5,5,5,4,4.8,4,4,3,4,3.75,6,4,5,6,3,4.8,1,1,1,1,1,1
507,SE7462,0,0,0,0,0,1,0,0,0,1,1,0.666666667,4.666666667,1,1,0,SE,0,1,0,0,1,0,1,0,0,0,jumbo,3.7,5,6,5,5,5.25,5,3,5,2,4,3.8,5,5,5,5,5,5,5,5,5,4,4.8,0,0,1,1,1,1
508,SE4256,0,0,1,0,0,0,0,0,1,1,1,0.5,3.888888889,1,0,0,SE,0,0,0,0,0,1,0,0,0,0,jumbo,0,5,3,4,3,3.75,3,3,2,5,5,3.6,4,5,5,5,4.75,5,3,3,5,2,3.6,1,1,0,0,0,1
509,SE8707,0,0,0,0,0,1,0,0,1,1,1,0.5,4.277777778,1,1,0,SE,0,0,0,0,0,0,0,1,0,1,jumbo,NA,5,5,4,5,4.75,3,4,4,2,5,3.6,5,5,5,4,4.75,4,5,3,5,4,4.2,0,1,1,0,0,1
510,SE3565,0,0,0,1,0,0,0,0,0,0,1,0.833333333,4.055555556,1,1,0,SE,0,1,0,1,0,0,1,1,0,0,jumbo,0,4,4,2,4,3.5,3,5,4,3,4,3.8,4,4,2,4,3.5,6,5,5,4,6,5.2,1,1,0,1,1,1
511,SE6400,0,1,0,1,0,1,0,0,0,0,1,1,3.722222222,1,0,0,SE,0,0,0,1,0,0,1,0,0,0,jumbo,2.7,5,5,4,3,4.25,3,4,4,3,2,3.2,2,2,2,2,2,6,5,5,6,4,5.2,1,1,1,1,1,1
512,SE8709,1,0,0,0,0,0,1,0,0,1,1,0.666666667,3.277777778,1,1,0,SE,0,0,0,0,0,1,0,0,0,0,jumbo,3.7,2,2,3,6,3.25,3,3,4,3,3,3.2,3,3,4,4,3.5,4,3,3,4,2,3.2,1,0,1,1,1,0
513,SE9735,0,0,1,0,0,0,0,0,0,1,1,0.666666667,4.055555556,1,1,0,SE,1,0,0,0,0,0,0,0,1,1,jumbo,NA,5,5,5,5,5,3,3,2,2,2,2.4,5,5,5,4,4.75,5,4,3,5,5,4.4,0,1,1,1,0,1
514,SE9626,0,0,0,0,0,0,1,0,0,1,1,0.5,3.722222222,1,1,0,SE,0,0,0,0,0,1,1,0,0,1,jumbo,NA,4,5,4,4,4.25,4,4,4,3,4,3.8,3,3,3,3,3,4,4,4,3,4,3.8,0,1,1,0,1,0
515,SE4446,0,0,0,0,0,0,1,0,1,1,1,0.666666667,3.833333333,1,1,0,SE,0,0,0,0,0,0,0,1,0,0,jumbo,4,4,5,4,3,4,5,4,4,4,4,4.2,3,4,3,4,3.5,3,4,4,3,4,3.6,0,1,1,1,0,1
516,SM8959,0,0,0,0,0,0,1,0,0,1,0,0.666666667,4.333333333,1,1,1,SM,0,0,0,0,0,1,1,0,0,0,regular,3.7,5,5,5,2,4.25,5,4,5,3,4,4.2,4,3,3,5,3.75,5,6,3,6,5,5,1,1,1,1,0,0
517,SM7622,1,0,0,0,1,0,0,0,1,1,0,1,3.444444444,1,1,1,SM,0,0,0,0,0,1,1,0,0,0,regular,4,5,5,4,2,4,5,4,3,2,2,3.2,3,3,3,1,2.5,6,4,3,4,3,4,1,1,1,1,1,1
518,SM4455,1,1,0,0,0,0,1,0,0,1,0,0.666666667,4.5,1,1,1,SM,0,0,0,0,0,1,1,0,0,0,regular,4,5,5,5,3,4.5,5,5,5,4,5,4.8,5,5,2,5,4.25,5,5,3,4,5,4.4,1,1,1,0,0,1
519,SM9581,0,0,0,0,0,0,1,0,1,1,0,0.5,3.833333333,1,1,1,SM,0,0,0,0,0,1,0,0,0,0,regular,4,4,3,3,3,3.25,4,4,4,4,4,4,4,3,4,4,3.75,5,4,3,5,4,4.2,1,1,1,0,0,0
520,SM6911,0,1,0,0,0,0,1,0,0,1,0,0.5,4.444444444,1,1,1,SM,0,0,0,0,0,0,1,0,0,0,regular,0,5,5,4,5,4.75,4,4,4,3,5,4,5,5,4,4,4.5,5,4,5,5,4,4.6,1,0,1,0,0,1
521,SM2337,0,0,0,0,0,1,0,0,1,0,0,1,4.722222222,1,1,1,SM,1,0,0,0,0,0,0,1,0,0,regular,4,6,6,5,5,5.5,5,5,5,4,4,4.6,5,5,4,4,4.5,5,4,4,5,4,4.4,1,1,1,1,1,1
522,SM6569,0,1,0,1,0,0,0,0,0,1,0,0.333333333,3.666666667,1,0,1,SM,0,0,0,0,0,0,1,0,0,0,regular,3.7,5,5,4,3,4.25,1,3,3,3,4,2.8,5,4,4,3,4,4,4,3,4,4,3.8,1,0,1,0,0,0
523,SM3589,0,0,0,1,0,0,0,0,0,0,0,0.5,5.166666667,1,1,1,SM,0,0,0,0,0,0,1,0,0,0,regular,4,6,5,5,5,5.25,4,5,5,4,5,4.6,5,5,5,5,5,6,6,5,6,6,5.8,1,1,1,0,0,0
524,SM1812,0,0,0,0,0,1,0,0,1,1,1,0.333333333,4.5,1,1,1,SM,0,0,0,0,1,1,0,0,0,0,regular,3,5,5,4,5,4.75,4,5,5,4,4,4.4,5,5,5,5,5,4,5,2,5,4,4,0,1,0,1,0,0
525,SM4367,0,1,0,0,0,1,0,0,1,0,0,0.5,4.666666667,0,1,1,SM,0,1,0,0,0,0,1,1,0,0,regular,1,5,5,5,5,5,4,4,4,5,4,4.2,6,4,4,5,4.75,5,5,4,5,5,4.8,1,0,1,0,1,0
526,SM9960,0,0,0,0,1,0,0,0,0,1,0,0.833333333,3.555555556,1,1,1,SM,1,1,0,1,0,0,0,0,0,0,regular,0,5,5,4,3,4.25,5,3,3,2,4,3.4,4,4,4,3,3.75,3,3,2,4,3,3,1,1,1,1,1,0
527,SM4876,0,0,0,0,1,1,0,0,1,0,1,1,5.444444444,1,0,1,SM,0,0,0,0,0,0,1,0,0,0,regular,4,6,5,5,6,5.5,6,6,6,5,5,5.6,6,6,5,1,4.5,6,6,6,6,6,6,1,1,1,1,1,1
528,SM4626,0,0,0,0,0,1,0,0,0,1,0,0.833333333,4.666666667,1,1,1,SM,1,0,0,0,0,0,1,1,0,0,regular,4,6,6,5,5,5.5,3,4,5,5,4,4.2,5,4,4,5,4.5,5,5,3,6,4,4.6,1,1,1,1,1,0
529,SM1788,0,0,0,0,0,1,0,0,1,0,0,0.833333333,2.833333333,1,0,1,SM,0,1,0,1,0,0,0,0,0,0,regular,4,4,2,4,2,3,4,3,3,2,2,2.8,4,3,4,3,3.5,4,1,1,4,1,2.2,0,1,1,1,1,1
530,SM7212,0,1,1,0,0,0,0,0,0,1,0,0.833333333,5.111111111,1,0,1,SM,0,1,1,0,1,0,0,0,0,0,regular,3,5,5,5,4,4.75,4,5,5,1,5,4,6,6,6,6,6,5,6,6,6,6,5.8,1,1,1,1,1,0
531,SM9635,0,0,1,0,0,0,0,0,0,1,0,0.833333333,3.277777778,1,1,1,SM,0,0,0,0,0,0,1,1,0,0,regular,3.7,4,4,4,3,3.75,2,2,3,3,3,2.6,4,3,4,3,3.5,4,3,3,4,3,3.4,1,1,1,1,0,1
532,SM2745,0,0,1,0,0,0,0,0,0,0,0,0.666666667,4.277777778,1,0,1,SM,0,0,0,0,0,0,1,0,0,0,regular,2.3,6,6,5,4,5.25,3,3,3,4,3,3.2,5,4,4,3,4,5,4,4,6,5,4.8,1,1,0,1,1,0
533,SM2424,0,1,0,0,1,0,0,0,0,0,0,1,4.055555556,1,1,1,SM,0,0,0,0,0,0,1,0,0,0,regular,4,4,4,4,4,4,4,4,5,4,3,4,4,4,4,5,4.25,4,4,4,4,4,4,1,1,1,1,1,1
534,SM6583,0,0,0,1,0,0,0,0,0,0,0,0.666666667,4.111111111,0,1,1,SM,0,1,0,0,1,0,1,0,0,0,regular,2,6,5,4,3,4.5,5,4,2,2,5,3.6,6,2,3,4,3.75,6,5,1,5,6,4.6,1,0,1,1,0,1
535,SM7794,0,1,0,0,0,1,0,0,1,0,0,0.5,4.166666667,1,1,1,SM,1,0,0,0,0,0,0,0,0,0,regular,2,5,4,5,4,4.5,2,3,2,5,5,3.4,5,5,5,5,5,5,3,3,5,4,4,1,1,1,0,0,0
536,SM4356,0,0,0,0,0,1,0,0,1,0,0,0.833333333,4.277777778,1,1,1,SM,1,0,0,0,0,0,0,1,0,0,regular,4,6,6,5,3,5,3,3,4,3,3,3.2,5,4,4,5,4.5,4,5,4,5,5,4.6,0,1,1,1,1,1
537,SM9297,0,0,0,0,0,1,0,0,0,1,0,0.5,4.777777778,1,1,1,SM,0,0,0,0,0,0,1,0,0,0,regular,4,5,5,5,4,4.75,5,5,5,4,4,4.6,5,5,5,5,5,5,5,4,5,5,4.8,1,1,0,1,0,0
538,SM5782,0,0,0,0,1,0,0,0,0,1,0,0.666666667,3.944444444,1,1,1,SM,1,0,0,1,1,1,1,0,0,0,regular,4,5,5,5,3,4.5,5,4,4,2,4,3.8,3,3,4,3,3.25,5,5,2,5,4,4.2,1,1,1,0,0,1
539,SM3358,1,0,1,0,0,0,0,0,1,1,0,0.833333333,4.277777778,1,1,1,SM,0,0,0,1,0,1,1,0,0,0,regular,3.7,6,6,6,6,6,5,5,2,5,5,4.4,3,4,4,3,3.5,5,2,2,6,2,3.4,1,0,1,1,1,1
540,SM9510,0,1,0,0,1,0,0,0,1,1,0,1,3.888888889,1,1,1,SM,0,0,0,0,0,0,1,0,0,0,regular,3.7,4,4,4,3,3.75,4,4,4,3,4,3.8,6,1,1,6,3.5,5,5,2,5,5,4.4,1,1,1,1,1,1
541,SM7686,0,0,0,0,0,0,1,0,1,1,0,1,4.277777778,1,1,1,SM,0,0,0,1,0,1,1,0,0,0,regular,4,4,5,4,4,4.25,4,5,5,3,4,4.2,5,4,5,5,4.75,5,3,3,5,4,4,1,1,1,1,1,1
542,SM4467,0,1,0,0,0,1,0,0,1,0,0,0.833333333,5.166666667,1,1,1,SM,0,1,0,0,0,0,1,1,0,0,regular,0,6,6,6,4,5.5,5,5,5,5,4,4.8,5,5,5,5,5,6,6,5,6,4,5.4,0,1,1,1,1,1
543,SM6304,0,1,0,0,0,1,0,0,1,0,1,0.833333333,5.555555556,1,1,1,SM,1,1,1,1,1,0,1,0,0,0,regular,4,5,6,6,4,5.25,6,6,6,4,6,5.6,6,6,6,6,6,6,6,5,6,4,5.4,1,1,1,1,0,1
544,SM5518,0,1,0,0,0,1,0,0,1,1,0,0.5,4,1,1,1,SM,0,0,0,1,1,0,1,1,0,0,regular,3,5,5,3,5,4.5,3,2,5,6,2,3.6,4,3,3,5,3.75,4,4,5,4,4,4.2,1,1,1,0,0,0
545,SM6794,0,0,0,0,0,1,0,0,1,0,0,0.833333333,3.5,1,1,1,SM,0,1,0,0,1,0,0,1,0,0,regular,4,5,4,3,3,3.75,3,3,4,2,3,3,4,3,2,4,3.25,5,4,3,5,3,4,1,1,1,1,1,0
546,SM2061,0,1,1,0,0,1,0,0,1,0,0,0.5,5.111111111,1,1,1,SM,0,0,0,0,0,0,0,0,0,0,regular,4,6,6,6,4,5.5,6,6,6,4,6,5.6,5,6,6,6,5.75,4,4,3,5,3,3.8,0,1,1,0,0,1
547,SM5720,1,0,0,0,0,1,0,0,1,0,0,1,4.555555556,1,1,1,SM,1,0,0,1,1,0,1,0,0,0,regular,4,6,6,4,5,5.25,6,5,6,4,3,4.8,4,3,5,4,4,5,4,4,5,3,4.2,1,1,1,1,1,1
548,SM6889,0,0,1,0,0,0,0,0,0,1,0,0.333333333,3.666666667,1,1,1,SM,1,0,0,0,0,0,1,0,0,0,regular,3,4,4,3,4,3.75,4,3,4,4,3,3.6,4,3,3,3,3.25,4,3,4,5,4,4,0,1,0,1,0,0
549,SM9314,0,1,0,0,0,1,0,0,1,0,0,1,3.5,1,1,1,SM,0,0,0,1,0,0,1,1,0,0,regular,3.7,5,4,4,3,4,4,3,4,2,4,3.4,4,3,3,3,3.25,5,3,4,4,1,3.4,1,1,1,1,1,1
550,SM9361,0,0,0,0,0,1,0,0,1,1,0,0.666666667,3.777777778,1,1,1,SM,1,0,0,0,1,0,1,0,0,0,regular,2.7,5,5,4,3,4.25,4,4,4,2,5,3.8,4,3,3,4,3.5,3,4,3,4,4,3.6,0,1,1,1,1,0
551,SM4134,0,1,0,0,0,1,0,0,1,0,0,1,4.333333333,1,1,1,SM,1,0,0,0,0,0,0,1,0,0,regular,3,5,5,5,4,4.75,5,5,5,3,5,4.6,5,5,4,4,4.5,4,3,2,5,4,3.6,1,1,1,1,1,1
552,SM4399,0,0,0,0,0,1,0,0,0,1,0,0.5,4.777777778,1,1,1,SM,0,0,0,0,0,1,1,0,0,0,regular,4,6,6,6,4,5.5,3,4,5,5,5,4.4,4,4,3,3,3.5,6,6,5,5,6,5.6,1,0,1,0,1,0
553,SM5215,0,0,1,0,0,0,0,0,1,1,0,1,3.888888889,1,1,1,SM,1,0,0,1,0,0,1,0,1,0,regular,3,4,5,3,4,4,3,3,4,5,4,3.8,4,4,3,4,3.75,4,2,3,6,5,4,1,1,1,1,1,1
554,SM4213,0,0,1,0,0,1,0,0,1,1,0,0.833333333,4.111111111,1,1,1,SM,1,0,0,0,0,1,0,1,0,0,regular,4,5,3,2,1,2.75,5,5,5,4,4,4.6,5,5,2,4,4,5,6,4,5,4,4.8,1,1,1,1,0,1
555,SM0029,0,1,0,0,0,0,0,0,0,1,0,0.666666667,3.666666667,1,1,1,SM,0,1,0,0,0,0,0,0,0,0,regular,3.3,6,4,4,1,3.75,4,5,4,3,1,3.4,5,5,5,5,5,5,1,2,5,1,2.8,1,0,1,1,0,1
556,SM5529,0,1,0,0,0,1,0,0,1,0,0,1,3.388888889,1,1,1,SM,1,0,0,0,0,0,0,0,0,0,regular,3.7,5,5,2,3,3.75,3,4,3,4,2,3.2,4,4,5,3,4,2,2,3,5,2,2.8,1,1,1,1,1,1
557,SM2478,0,0,0,0,0,1,0,0,0,0,0,0.833333333,2.944444444,0,0,1,SM,1,0,0,0,1,0,0,1,0,0,regular,2.7,3,4,3,2,3,2,3,5,1,3,2.8,4,3,3,3,3.25,3,3,1,6,1,2.8,1,1,1,1,1,0
558,SM0595,0,0,0,0,0,1,0,0,0,1,0,0.833333333,4.166666667,1,1,1,SM,0,0,0,0,0,0,1,0,0,0,regular,4,5,5,4,5,4.75,4,5,5,4,2,4,4,4,2,3,3.25,6,5,3,4,5,4.6,1,1,1,1,1,0
559,SM5822,0,0,0,1,0,0,0,0,1,0,0,0.5,3.944444444,1,0,1,SM,1,0,0,0,1,0,0,0,1,0,regular,4,5,5,4,2,4,3,3,5,3,4,3.6,5,4,4,4,4.25,4,4,4,5,3,4,0,1,1,0,1,0
560,SM7117,0,0,1,0,0,0,0,0,0,0,0,0.333333333,4.444444444,1,1,1,SM,0,0,0,0,0,0,0,0,1,1,regular,NA,6,6,5,4,5.25,4,5,5,3,4,4.2,5,4,3,4,4,5,5,2,5,5,4.4,0,1,0,0,0,1
561,SM4022,0,1,1,0,0,0,0,0,0,1,0,1,5.166666667,1,1,1,SM,0,0,0,0,0,0,0,1,0,0,regular,3,6,6,5,6,5.75,5,4,5,5,4,4.6,5,6,6,5,5.5,6,5,4,6,4,5,1,1,1,1,1,1
562,SM9206,0,0,0,0,0,1,0,0,1,1,0,0.5,4.166666667,1,1,1,SM,0,0,0,0,0,0,0,0,0,0,regular,4,5,5,4,3,4.25,5,5,5,5,5,5,2,2,1,4,2.25,6,5,2,5,6,4.8,1,1,0,1,0,0
563,SM3953,0,1,0,0,1,0,0,0,0,1,1,0.833333333,3.277777778,1,1,1,SM,0,0,0,0,0,0,0,0,0,0,regular,3.3,4,4,3,2,3.25,4,4,5,3,3,3.8,3,2,2,3,2.5,5,3,2,4,3,3.4,1,1,1,1,1,0